{
	"Cross" :
	{
		"minSize" : "m", "maxSize" : "xl+u",
		"players" : "2-4",
		"zones" :
		{
			"1" :
			{
				"type" : "playerStart",
				"size" : 18,
				"owner" : 1,
				"monsters" : "normal",
				"playerTowns" : { "castles" : 1 },
				"mines" : { "wood" : 1, "ore" : 1 },
				"treasure" :
				[
					{ "min" : 10000, "max" : 15000, "density" : 1 },
					{ "min" : 3000, "max" : 6000, "density" : 6 },
					{ "min" : 500, "max" : 3000, "density" : 9 }
				]
			},
			"2" :
			{
				"type" : "playerStart",
				"size" : 18,
				"owner" : 3,
				"monsters" : "normal",
				"playerTowns" : { "castles" : 1 },
				"minesLikeZone" : 1,
				"treasureLikeZone" : 1
			},
			"3" :
			{
				"type" : "playerStart",
				"size" : 18,
				"owner" : 4,
				"monsters" : "normal",
				"playerTowns" : { "castles" : 1 },
				"minesLikeZone" : 1,
				"treasureLikeZone" : 1
			},
			"4" :
			{
				"type" : "playerStart",
				"size" : 18,
				"owner" : 2,
				"monsters" : "normal",
				"playerTowns" : { "castles" : 1 },
				"minesLikeZone" : 1,
				"treasureLikeZone" : 1
			},
			"5" :
			{
				"type" : "treasure",
				"size" : 11,
				"monsters" : "strong",
				"matchTerrainToTown" : false,
				"mines" : { "crystal" : 1, "gold" : 1 },
				"treasure" :
				[
					{ "min" : 10000, "max" : 15000, "density" : 6 },
					{ "min" : 3000, "max" : 6000, "density" : 9 },
					{ "min" : 500, "max" : 3000, "density" : 9 }
				]
			},
			"6" :
			{
				"type" : "treasure",
				"size" : 11,
				"monsters" : "strong",
				"matchTerrainToTown" : false,
				"mines" : { "sulfur" : 1, "gold" : 1 },
				"treasureLikeZone" : 5
			},
			"7" :
			{
				"type" : "treasure",
				"size" : 11,
				"monsters" : "strong",
				"matchTerrainToTown" : false,
				"mines" : { "gems" : 1, "gold" : 1 },
				"treasure" :
				[
					{ "min" : 3000, "max" : 6000, "density" : 6 },
					{ "min" : 500, "max" : 3000, "density" : 9 },
					{ "min" : 3000, "max" : 6000, "density" : 9 }
				]
			},
			"8" :
			{
				"type" : "treasure",
				"size" : 11,
				"monsters" : "strong",
				"matchTerrainToTown" : false,
				"mines" : { "mercury" : 1, "gold" : 1 },
				"treasureLikeZone" : 5
			},
			"9" :
			{
				"type" : "treasure",
				"size" : 10,
				"monsters" : "weak",
				"neutralTowns" : { "towns" : 1 },
				"matchTerrainToTown" : false,
				"mines" : { "wood" : 1, "mercury" : 1, "ore" : 1, "sulfur" : 1, "crystal" : 1, "gems" : 1, "gold" : 1 },
				"treasure" :
				[
					{ "min" : 5000, "max" : 15000, "density" : 10 },
					{ "min" : 15000, "max" : 20000, "density" : 6 },
					{ "min" : 20000, "max" : 30000, "density" : 1 }
				]
			},
			"10" :
			{
				"type" : "treasure",
				"size" : 10,
				"monsters" : "weak",
				"neutralTowns" : { "towns" : 1 },
				"matchTerrainToTown" : false,
				"minesLikeZone" : 9,
				"treasure" :
				[
					{ "min" : 15000, "max" : 20000, "density" : 6 },
					{ "min" : 5000, "max" : 15000, "density" : 10 },
					{ "min" : 20000, "max" : 30000, "density" : 1 }
				]
			},
			"11" :
			{
				"type" : "treasure",
				"size" : 10,
				"monsters" : "weak",
				"neutralTowns" : { "towns" : 1 },
				"matchTerrainToTown" : false,
				"minesLikeZone" : 9,
				"treasure" :
				[
					{ "min" : 20000, "max" : 30000, "density" : 1 },
					{ "min" : 15000, "max" : 20000, "density" : 6 },
					{ "min" : 5000, "max" : 15000, "density" : 10 }
				]
			},
			"12" :
			{
				"type" : "treasure",
				"size" : 10,
				"monsters" : "weak",
				"neutralTowns" : { "towns" : 1 },
				"matchTerrainToTown" : false,
				"minesLikeZone" : 9,
				"treasureLikeZone" : 10
			},
			"13" :
			{
				"type" : "treasure",
				"size" : 18,
				"monsters" : "normal",
				"matchTerrainToTown" : false,
				"treasure" :
				[
					{ "min" : 10000, "max" : 15000, "density" : 9 },
					{ "min" : 15000, "max" : 25000, "density" : 9 },
					{ "min" : 20000, "max" : 30000, "density" : 3 }
				]
			}
		},
		"connections" :
		[
			{ "a" : "2", "b" : "5", "guard" : 3000 },
			{ "a" : "3", "b" : "6", "guard" : 3000 },
			{ "a" : "4", "b" : "7", "guard" : 3000 },
			{ "a" : "4", "b" : "8", "guard" : 3000 },
			{ "a" : "6", "b" : "9", "guard" : 6000 },
			{ "a" : "5", "b" : "11", "guard" : 6000 },
			{ "a" : "7", "b" : "10", "guard" : 6000 },
			{ "a" : "8", "b" : "12", "guard" : 6000 },
			{ "a" : "2", "b" : "7", "guard" : 3000 },
			{ "a" : "1", "b" : "5", "guard" : 3000 },
			{ "a" : "1", "b" : "6", "guard" : 3000 },
			{ "a" : "3", "b" : "8", "guard" : 3000 },
			{ "a" : "8", "b" : "13", "guard" : 12500 },
			{ "a" : "5", "b" : "13", "guard" : 12500 },
			{ "a" : "7", "b" : "13", "guard" : 12500 },
			{ "a" : "6", "b" : "13", "guard" : 12500 }
		]
	}
}
