{
	"Wheel" :
	{
		"minSize" : "m", "maxSize" : "l+u",
		"players" : "2",
		"zones" :
		{
			"1" :
			{
				"type" : "playerStart",
				"size" : 14,
				"owner" : 1,
				"monsters" : "normal",
				"playerTowns" : { "castles" : 1 },
				"treasure" :
				[
					{ "min" : 10000, "max" : 15000, "density" : 1 },
					{ "min" : 3000, "max" : 6000, "density" : 6 },
					{ "min" : 500, "max" : 3000, "density" : 9 }
				]
			},
			"2" :
			{
				"type" : "playerStart",
				"size" : 14,
				"owner" : 2,
				"monsters" : "normal",
				"playerTowns" : { "castles" : 1 },
				"treasureLikeZone" : 1
			},
			"3" :
			{
				"type" : "treasure",
				"size" : 14,
				"monsters" : "normal",
				"neutralTowns" : { "castles" : 1 },
				"treasure" :
				[
					{ "min" : 10000, "max" : 15000, "density" : 1 },
					{ "min" : 3000, "max" : 6000, "density" : 6 },
					{ "min" : 100, "max" : 500, "density" : 1 }
				]
			},
			"4" :
			{
				"type" : "treasure",
				"size" : 14,
				"monsters" : "normal",
				"neutralTowns" : { "towns" : 1 },
				"treasureLikeZone" : 1
			},
			"5" :
			{
				"type" : "treasure",
				"size" : 14,
				"monsters" : "normal",
				"neutralTowns" : { "towns" : 1 },
				"treasureLikeZone" : 1
			},
			"6" :
			{
				"type" : "treasure",
				"size" : 14,
				"monsters" : "normal",
				"neutralTowns" : { "towns" : 1 },
				"treasureLikeZone" : 1
			},
			"7" :
			{
				"type" : "treasure",
				"size" : 14,
				"monsters" : "normal",
				"neutralTowns" : { "towns" : 1 },
				"treasureLikeZone" : 1
			},
			"8" :
			{
				"type" : "treasure",
				"size" : 14,
				"monsters" : "normal",
				"neutralTowns" : { "castles" : 1 },
				"treasureLikeZone" : 3
			},
			"9" :
			{
				"type" : "treasure",
				"size" : 30,
				"monsters" : "normal",
				"matchTerrainToTown" : false,
				"treasure" :
				[
					{ "min" : 10000, "max" : 15000, "density" : 9 },
					{ "min" : 15000, "max" : 20000, "density" : 6 },
					{ "min" : 20000, "max" : 30000, "density" : 1 }
				]
			},
			"10" :
			{
				"type" : "treasure",
				"size" : 7,
				"monsters" : "normal",
				"matchTerrainToTown" : false,
				"mines" : { "mercury" : 1, "gold" : 1 },
				"treasureLikeZone" : 1
			},
			"11" :
			{
				"type" : "treasure",
				"size" : 7,
				"monsters" : "normal",
				"matchTerrainToTown" : false,
				"mines" : { "sulfur" : 1, "gold" : 1 },
				"treasureLikeZone" : 1
			},
			"12" :
			{
				"type" : "treasure",
				"size" : 7,
				"monsters" : "normal",
				"matchTerrainToTown" : false,
				"mines" : { "crystal" : 1, "gold" : 1 },
				"treasureLikeZone" : 1
			},
			"13" :
			{
				"type" : "treasure",
				"size" : 7,
				"monsters" : "normal",
				"matchTerrainToTown" : false,
				"mines" : { "gems" : 1, "gold" : 1 },
				"treasureLikeZone" : 1
			}
		},
		"connections" :
		[
			{ "a" : "1", "b" : "7", "guard" : 3000 },
			{ "a" : "7", "b" : "8", "guard" : 3000 },
			{ "a" : "6", "b" : "8", "guard" : 3000 },
			{ "a" : "2", "b" : "6", "guard" : 3000 },
			{ "a" : "1", "b" : "4", "guard" : 3000 },
			{ "a" : "2", "b" : "5", "guard" : 3000 },
			{ "a" : "3", "b" : "5", "guard" : 3000 },
			{ "a" : "3", "b" : "4", "guard" : 3000 },
			{ "a" : "9", "b" : "13", "guard" : 10000 },
			{ "a" : "9", "b" : "12", "guard" : 10000 },
			{ "a" : "9", "b" : "11", "guard" : 10000 },
			{ "a" : "9", "b" : "10", "guard" : 10000 },
			{ "a" : "6", "b" : "13", "guard" : 6000 },
			{ "a" : "7", "b" : "10", "guard" : 6000 },
			{ "a" : "4", "b" : "11", "guard" : 6000 },
			{ "a" : "5", "b" : "12", "guard" : 6000 }
		]
	}
}
