{
	"7SB0c" :
	{
		"minSize" : "s+u", "maxSize" : "l",
		"players" : "2-7", "humans" : "2-6",
		"zones" :
		{
			"1" :
			{
				"type" : "playerStart",
				"size" : 11,
				"owner" : 1,
				"monsters" : "normal",
				"playerTowns" : { "castles" : 1 },
				"mines" : { "wood" : 1, "mercury" : 1, "ore" : 1, "sulfur" : 1 },
				"treasure" :
				[
					{ "min" : 10000, "max" : 15000, "density" : 1 },
					{ "min" : 3000, "max" : 6000, "density" : 6 },
					{ "min" : 500, "max" : 3000, "density" : 9 }
				]
			},
			"2" :
			{
				"type" : "playerStart",
				"size" : 11,
				"owner" : 2,
				"monsters" : "normal",
				"playerTowns" : { "castles" : 1 },
				"mines" : { "wood" : 1, "ore" : 1, "crystal" : 1, "gems" : 1, "gold" : 1 },
				"treasureLikeZone" : 1
			},
			"3" :
			{
				"type" : "playerStart",
				"size" : 11,
				"owner" : 3,
				"monsters" : "normal",
				"playerTowns" : { "castles" : 1 },
				"minesLikeZone" : 2,
				"treasureLikeZone" : 1
			},
			"4" :
			{
				"type" : "playerStart",
				"size" : 11,
				"owner" : 4,
				"monsters" : "normal",
				"playerTowns" : { "castles" : 1 },
				"minesLikeZone" : 1,
				"treasureLikeZone" : 1
			},
			"5" :
			{
				"type" : "playerStart",
				"size" : 11,
				"owner" : 5,
				"monsters" : "normal",
				"playerTowns" : { "castles" : 1 },
				"minesLikeZone" : 1,
				"treasureLikeZone" : 1
			},
			"6" :
			{
				"type" : "playerStart",
				"size" : 11,
				"owner" : 6,
				"monsters" : "weak",
				"playerTowns" : { "castles" : 1 },
				"minesLikeZone" : 2,
				"treasureLikeZone" : 1
			},
			"7" :
			{
				"type" : "cpuStart",
				"size" : 11,
				"owner" : 7,
				"monsters" : "weak",
				"playerTowns" : { "castles" : 1 },
				"mines" : { "wood" : 2, "mercury" : 2, "ore" : 2, "sulfur" : 2, "crystal" : 2, "gems" : 2 },
				"treasure" :
				[
					{ "min" : 20000, "max" : 30000, "density" : 1 },
					{ "min" : 15000, "max" : 20000, "density" : 6 },
					{ "min" : 10000, "max" : 15000, "density" : 9 }
				]
			}
		},
		"connections" :
		[
			{ "a" : "1", "b" : "2", "guard" : 3000 },
			{ "a" : "1", "b" : "4", "guard" : 3000 },
			{ "a" : "1", "b" : "7", "guard" : 9000 },
			{ "a" : "2", "b" : "3", "guard" : 3000 },
			{ "a" : "2", "b" : "5", "guard" : 3000 },
			{ "a" : "2", "b" : "7", "guard" : 9000 },
			{ "a" : "3", "b" : "6", "guard" : 3000 },
			{ "a" : "3", "b" : "7", "guard" : 9000 }
		]
	}
}
