{
	"vcmi.adventureMap.monsterThreat.title"     : "\n\n Amenaza: ",
	"vcmi.adventureMap.monsterThreat.levels.0"  : "Sin esfuerzo",
	"vcmi.adventureMap.monsterThreat.levels.1"  : "Muy débil",
	"vcmi.adventureMap.monsterThreat.levels.2"  : "Débil",
	"vcmi.adventureMap.monsterThreat.levels.3"  : "Un poco más débil",
	"vcmi.adventureMap.monsterThreat.levels.4"  : "Igual",
	"vcmi.adventureMap.monsterThreat.levels.5"  : "Un poco más fuerte",
	"vcmi.adventureMap.monsterThreat.levels.6"  : "Fuerte",
	"vcmi.adventureMap.monsterThreat.levels.7"  : "Muy fuerte",
	"vcmi.adventureMap.monsterThreat.levels.8"  : "Desafiante",
	"vcmi.adventureMap.monsterThreat.levels.9"  : "Abrumador",
	"vcmi.adventureMap.monsterThreat.levels.10" : "Mortal",
	"vcmi.adventureMap.monsterThreat.levels.11" : "Imposible",

	"vcmi.adventureMap.confirmRestartGame"     : "¿Estás seguro de que quieres reiniciar el juego?",
	"vcmi.adventureMap.noTownWithMarket"       : "¡No hay mercado disponible!",
	"vcmi.adventureMap.noTownWithTavern"       : "¡No hay pueblo disponible con taberna!",
	"vcmi.adventureMap.spellUnknownProblem"    : "Problema desconocido con este hechizo, no hay más información disponible.",
	"vcmi.adventureMap.playerAttacked"         : "El jugador ha sido atacado: %s",
	"vcmi.adventureMap.moveCostDetails"        : "Puntos de movimiento - Coste: %TURNS turnos + %POINTS puntos, Puntos restantes: %REMAINING",
	"vcmi.adventureMap.moveCostDetailsNoTurns" : "Puntos de movimiento - Coste: %POINTS puntos, Puntos restantes: %REMAINING",
	"vcmi.adventureMap.replayOpponentTurnNotImplemented" : "Disculpe, la repetición del turno del oponente aún no está implementada.",

	"vcmi.capitalColors.0" : "Rojo",
	"vcmi.capitalColors.1" : "Azul",
	"vcmi.capitalColors.2" : "Marron",
	"vcmi.capitalColors.3" : "Verde",
	"vcmi.capitalColors.4" : "Naranja",
	"vcmi.capitalColors.5" : "Morado",
	"vcmi.capitalColors.6" : "Turquesa",
	"vcmi.capitalColors.7" : "Rosa",

	"vcmi.heroOverview.startingArmy" : "Unidades iniciales",
	"vcmi.heroOverview.warMachine" : "Máquinas de Guerra",
	"vcmi.heroOverview.secondarySkills" : "Habilidades secundarias",
	"vcmi.heroOverview.spells" : "Hechizos",

	"vcmi.radialWheel.mergeSameUnit" : "Mezclar criaturas idénticas",
	"vcmi.radialWheel.fillSingleUnit" : "Rellenar con criaturas individuales",
	"vcmi.radialWheel.splitSingleUnit" : "Separar una sola criatura",
	"vcmi.radialWheel.splitUnitEqually" : "Dividir criaturas por igual",
	"vcmi.radialWheel.moveUnit" : "Trasladar criaturas a otro ejército",
	"vcmi.radialWheel.splitUnit" : "Dividir criatura a otra ranura",

	"vcmi.radialWheel.heroGetArmy" : "Obtener ejército de otro héroe",
	"vcmi.radialWheel.heroSwapArmy" : "Intercambiar ejército con otro héroe",
	"vcmi.radialWheel.heroExchange" : "intercambio entre héroes",
	"vcmi.radialWheel.heroGetArtifacts" : "Obtener artefactos de otro héroe",
	"vcmi.radialWheel.heroSwapArtifacts" : "Intercambiar artefactos con otro héroe",
	"vcmi.radialWheel.heroDismiss" : "Despedir al héroe",

	"vcmi.radialWheel.moveTop" : "Mover arriba",
	"vcmi.radialWheel.moveUp" : "Mover hacia arriba",
	"vcmi.radialWheel.moveDown" : "Mover hacia abajo",
	"vcmi.radialWheel.moveBottom" : "Mover abajo",

	"vcmi.spellBook.search" : "buscar...",

	"vcmi.mainMenu.serverConnecting" : "Conectando...",
	"vcmi.mainMenu.serverAddressEnter" : "Ingrese la dirección:",
	"vcmi.mainMenu.serverConnectionFailed" : "Falló la conexión",
	"vcmi.mainMenu.serverClosing" : "Cerrando...",
	"vcmi.mainMenu.hostTCP" : "Crear juego TCP/IP",
	"vcmi.mainMenu.joinTCP" : "Unirse a juego TCP/IP",
	"vcmi.mainMenu.playerName" : "Jugador",

	"vcmi.lobby.filepath" : "Ruta del archivo",
	"vcmi.lobby.creationDate" : "Fecha de creación",
	"vcmi.lobby.scenarioName" : "Nombre del escenario",
	"vcmi.lobby.mapPreview" : "Vista previa del mapa",
	"vcmi.lobby.noPreview" : "sin vista previa",
	"vcmi.lobby.noUnderground" : "sin subterráneo",
	"vcmi.lobby.sortDate" : "Ordena los mapas por la fecha de modificación",

	"vcmi.client.errors.invalidMap" : "{Mapa o Campaña invalido}\n\n¡No se pudo iniciar el juego! El mapa o la campaña seleccionados pueden no ser válidos o estar dañados. Motivo:\n%s",
	"vcmi.client.errors.missingCampaigns" : "{Archivos de datos faltantes}\n\n¡No se encontraron los archivos de datos de las campañas! Quizás estés utilizando archivos de datos incompletos o dañados de Heroes 3. Por favor, reinstala los datos del juego.",
	"vcmi.server.errors.existingProcess" : "Otro servidor VCMI está en ejecución. Por favor, termínalo antes de comenzar un nuevo juego.",
	"vcmi.server.errors.modsToEnable"    : "{Se requieren los siguientes mods}",
	"vcmi.server.errors.modsToDisable"   : "{Deben desactivarse los siguientes mods}",
	"vcmi.server.confirmReconnect"       : "¿Quieres reconectar a la última sesión?",
	"vcmi.server.errors.unknownEntity" : "Error al cargar la partida guardada. ¡Se encontró una entidad desconocida '%s' en la partida guardada! Es posible que la partida no sea compatible con la versión actualmente instalada de los mods.",

	"vcmi.settingsMainWindow.generalTab.hover" : "General",
	"vcmi.settingsMainWindow.generalTab.help"     : "Cambiar a la pestaña de opciones generales, que contiene ajustes relacionados con el comportamiento general del juego",
	"vcmi.settingsMainWindow.battleTab.hover" : "Batalla",
	"vcmi.settingsMainWindow.battleTab.help"     : "Cambiar a la pestaña de opciones de batalla, que permite configurar el comportamiento del juego durante las batallas",
	"vcmi.settingsMainWindow.adventureTab.hover" : "Mapa de Aventuras",
	"vcmi.settingsMainWindow.adventureTab.help"  : "Cambiar a la pestaña de opciones de Mapa de Aventuras - el mapa de aventuras es parte del juego donde puedes mover a tus héroes",

	"vcmi.systemOptions.videoGroup" : "Configuración de vídeo",
	"vcmi.systemOptions.audioGroup" : "Configuración de audio",
	"vcmi.systemOptions.otherGroup" : "Otras configuraciones", // actualmente no utilizada
	"vcmi.systemOptions.townsGroup" : "Pantalla de la ciudad",

	"vcmi.systemOptions.fullscreenBorderless.hover" : "Pantalla completa (sin bordes)",
	"vcmi.systemOptions.fullscreenBorderless.help"  : "{Pantalla completa sin bordes}\n\nSi está seleccionado, VCMI se ejecutará en modo de pantalla completa sin bordes. En este modo, el juego siempre usará la misma resolución que el escritorio, ignorando la resolución seleccionada.",
	"vcmi.systemOptions.fullscreenExclusive.hover"  : "Pantalla completa (exclusiva)",
	"vcmi.systemOptions.fullscreenExclusive.help"   : "{Pantalla completa}\n\nSi está seleccionado, VCMI se ejecutará en modo de pantalla completa exclusiva. En este modo, el juego cambiará la resolución del monitor a la resolución seleccionada.",
	"vcmi.systemOptions.resolutionButton.hover" : "Resolución: %wx%h",
	"vcmi.systemOptions.resolutionButton.help"  : "{Seleccionar Resolución}\n\nCambia la resolución de pantalla del juego.",
	"vcmi.systemOptions.resolutionMenu.hover"   : "Seleccionar Resolución",
	"vcmi.systemOptions.resolutionMenu.help"    : "Cambia la resolución de pantalla del juego.",
	"vcmi.systemOptions.scalingButton.hover"   : "Escalado de interfaz: %p%",
	"vcmi.systemOptions.scalingButton.help"    : "{Escalado de interfaz}\n\nCambia el escalado de la interfaz del juego.",
	"vcmi.systemOptions.scalingMenu.hover"     : "Seleccionar Escalado de Interfaz",
	"vcmi.systemOptions.scalingMenu.help"      : "Cambia el escalado de la interfaz del juego.",
	"vcmi.systemOptions.longTouchButton.hover"   : "Intervalo de toque largo: %d ms", // Nota de traducción: "ms" = "milisegundos"
	"vcmi.systemOptions.longTouchButton.help"    : "{Intervalo de toque largo}\n\nCuando se utiliza una pantalla táctil, las ventanas emergentes aparecerán después de tocar la pantalla durante la duración especificada, en milisegundos.",
	"vcmi.systemOptions.longTouchMenu.hover"     : "Seleccionar Intervalo de Toque Largo",
	"vcmi.systemOptions.longTouchMenu.help"      : "Cambia la duración del intervalo de toque largo.",
	"vcmi.systemOptions.longTouchMenu.entry"     : "%d milisegundos",
	"vcmi.systemOptions.framerateButton.hover"  : "Mostrar FPS",
	"vcmi.systemOptions.framerateButton.help"   : "{Mostrar FPS}\n\nAlternar la visibilidad del contador de Frames Per Second en la esquina de la ventana del juego.",
	"vcmi.systemOptions.hapticFeedbackButton.hover"  : "Retroalimentación háptica",
	"vcmi.systemOptions.hapticFeedbackButton.help"   : "{Retroalimentación háptica}\n\nAlternar la retroalimentación háptica en las entradas táctiles.",
	"vcmi.systemOptions.enableUiEnhancementsButton.hover"  : "Mejoras de la interfaz",
	"vcmi.systemOptions.enableUiEnhancementsButton.help"   : "{Mejoras de la interfaz}\n\nAlternar diversas mejoras de interfaz de calidad de vida. Como un botón de mochila, etc. Desactiva para tener una experiencia más clásica.",
	"vcmi.systemOptions.enableLargeSpellbookButton.hover"  : "Libro de hechizos grande",
	"vcmi.systemOptions.enableLargeSpellbookButton.help"   : "{Libro de hechizos grande}\n\nPermite un libro de hechizos más grande que permite más hechizos por página. La animación de cambio de página del libro de hechizos no funciona con esta configuración habilitada.",
	"vcmi.systemOptions.audioMuteFocus.hover"  : "Silenciar con inactividad",
	"vcmi.systemOptions.audioMuteFocus.help"   : "{Silenciar con inactividad}\n\nSilenciar el audio cuando la ventana no está activa. Las excepciones son los mensajes en el juego y el sonido de turno nuevo.",

	"vcmi.adventureOptions.infoBarPick.hover" : "Mostrar mensajes en el panel de información",
	"vcmi.adventureOptions.infoBarPick.help" : "{Mostrar mensajes en el panel de información}\n\nSiempre que sea posible, los mensajes del juego sobre los objetos del mapa que se visiten se mostrarán en el panel de información, en lugar de aparecer en una ventana separada.",
	"vcmi.adventureOptions.numericQuantities.hover": "Cantidades numéricas de criaturas",
	"vcmi.adventureOptions.numericQuantities.help": "{Cantidades numéricas de criaturas}\n\n Muestra las cantidades aproximadas de criaturas enemigas en formato A-B numérico.",
	"vcmi.adventureOptions.forceMovementInfo.hover": "Mostrar siempre el coste de movimiento",
	"vcmi.adventureOptions.forceMovementInfo.help": "{Mostrar siempre el coste de movimiento}\n\n Reemplaza la información predeterminada de la barra de estado con datos de puntos de movimiento sin necesidad de mantener presionado el botón ALT.",
	"vcmi.adventureOptions.showGrid.hover": "Mostrar cuadrícula",
	"vcmi.adventureOptions.showGrid.help": "{Mostrar cuadrícula}\n\n Muestra una superposición de cuadrícula que muestra las fronteras entre las casillas del mapa de aventuras.",
	"vcmi.adventureOptions.borderScroll.hover" : "Desplazamiento de borde",
	"vcmi.adventureOptions.borderScroll.help" : "{Desplazamiento de borde}\n\nDesplaza el mapa de aventuras cuando el cursor está adyacente al borde de la ventana. Puede desactivarse manteniendo presionada la tecla CTRL.",
	"vcmi.adventureOptions.infoBarCreatureManagement.hover" : "Gestión de criaturas en el panel de información",
	"vcmi.adventureOptions.infoBarCreatureManagement.help" : "{Gestión de criaturas en el panel de información}\n\nPermite reorganizar criaturas en el panel de información en lugar de cambiar entre los componentes predeterminados.",
	"vcmi.adventureOptions.leftButtonDrag.hover" : "Arrastrar mapa con clic izquierdo",
	"vcmi.adventureOptions.leftButtonDrag.help" : "{Arrastrar mapa con clic izquierdo}\n\nCuando está habilitado, mover el ratón con el botón izquierdo presionado arrastrará la vista del mapa de aventuras.",
	"vcmi.adventureOptions.smoothDragging.hover" : "Arrastre suave del mapa",
	"vcmi.adventureOptions.smoothDragging.help" : "{Arrastre suave del mapa}\n\nCuando está habilitado, el arrastre del mapa tiene un efecto de deslizamiento moderno.",
	"vcmi.adventureOptions.skipAdventureMapAnimations.hover" : "Omitir efectos de desvanecimiento",
	"vcmi.adventureOptions.skipAdventureMapAnimations.help" : "{Omitir efectos de desvanecimiento}\n\nCuando está habilitado, omite el desvanecimiento de objetos y otros efectos similares (recolección de recursos, embarque en barco, etc.). Hace que la interfaz sea más reactiva en algunos casos a expensas de la estética. Especialmente útil en juegos JcJ. Para obtener la máxima velocidad de movimiento, la omisión está activa independientemente de esta configuración.",
	"vcmi.adventureOptions.mapScrollSpeed1.hover": "",
	"vcmi.adventureOptions.mapScrollSpeed5.hover": "",
	"vcmi.adventureOptions.mapScrollSpeed6.hover": "",
	"vcmi.adventureOptions.mapScrollSpeed1.help": "Establece la velocidad de desplazamiento del mapa como muy lenta",
	"vcmi.adventureOptions.mapScrollSpeed5.help": "Establece la velocidad de desplazamiento del mapa como muy rápida",
	"vcmi.adventureOptions.mapScrollSpeed6.help": "Establece la velocidad de desplazamiento del mapa como instantánea.",
	"vcmi.adventureOptions.hideBackground.hover" : "Ocultar fondo",
	"vcmi.adventureOptions.hideBackground.help" : "{Ocultar fondo}\n\nOculta el mapa de aventuras en el fondo y muestra una textura en su lugar..",

	"vcmi.battleOptions.queueSizeLabel.hover": "Mostrar orden de turno de criaturas",
	"vcmi.battleOptions.queueSizeNoneButton.hover": "APAGADO",
	"vcmi.battleOptions.queueSizeAutoButton.hover": "AUTO",
	"vcmi.battleOptions.queueSizeSmallButton.hover": "PEQUEÑO",
	"vcmi.battleOptions.queueSizeBigButton.hover": "GRANDE",
	"vcmi.battleOptions.queueSizeNoneButton.help": "Desactiva completamente la visibilidad del orden de turno de las criaturas en la batalla.",
	"vcmi.battleOptions.queueSizeAutoButton.help": "Establece el tamaño del orden de turno según la resolución del juego (pequeño cuando se juega con una resolución de pantalla inferior a 700 píxeles de alto, grande en caso contrario).",
	"vcmi.battleOptions.queueSizeSmallButton.help": "Establece el tamaño del orden de turno como pequeño.",
	"vcmi.battleOptions.queueSizeBigButton.help": "Establece el tamaño del orden de turno como grande (no compatible si la resolución del juego es inferior a 700 píxeles de alto).",
	"vcmi.battleOptions.animationsSpeed1.hover": "",
	"vcmi.battleOptions.animationsSpeed5.hover": "",
	"vcmi.battleOptions.animationsSpeed6.hover": "",
	"vcmi.battleOptions.animationsSpeed1.help": "Establece la velocidad de animación como muy lenta.",
	"vcmi.battleOptions.animationsSpeed5.help": "Establece la velocidad de animación como muy rápida.",
	"vcmi.battleOptions.animationsSpeed6.help": "Establece la velocidad de animación como instantánea.",
	"vcmi.battleOptions.movementHighlightOnHover.hover": "Resaltado de movimiento al pasar el ratón",
	"vcmi.battleOptions.movementHighlightOnHover.help": "{Resaltado de movimiento al pasar el ratón}\n\nResalta el rango de movimiento de la unidad cuando el cursor esta sobre esta.",
	"vcmi.battleOptions.rangeLimitHighlightOnHover.hover": "Mostrar límites de alcance para tiradores",
	"vcmi.battleOptions.rangeLimitHighlightOnHover.help": "{Mostrar límites de alcance para tiradores al pasar el ratón}\n\nMuestra los límites de alcance de los tiradores al pasar el ratón sobre ellos.",
	"vcmi.battleOptions.showStickyHeroInfoWindows.hover": "Mostrar ventanas de estadísticas de héroes",
	"vcmi.battleOptions.showStickyHeroInfoWindows.help": "{Mostrar ventanas de estadísticas de héroes}\n\nAlternar permanentemente las ventanas de estadísticas de héroes que muestran estadísticas primarias y puntos de hechizo.",
	"vcmi.battleOptions.skipBattleIntroMusic.hover": "Omitir música de introducción",
	"vcmi.battleOptions.skipBattleIntroMusic.help": "{Omitir música de introducción}\n\nPermitir acciones durante la música de introducción que se reproduce al comienzo de cada batalla.",
	"vcmi.battleOptions.endWithAutocombat.hover": "Finaliza la batalla",
	"vcmi.battleOptions.endWithAutocombat.help": "{Finaliza la batalla}\n\nAutomatiza la batalla y la finaliza al instante",

	"vcmi.adventureMap.revisitObject.hover" : "Revisitar objeto",
	"vcmi.adventureMap.revisitObject.help" : "{Revisitar objeto}\n\nSi un héroe se encuentra actualmente en un objeto del mapa, puede volver a visitar la ubicación.",

	"vcmi.battleWindow.pressKeyToSkipIntro" : "Presiona cualquier tecla para empezar la batalla inmediatamente",
	"vcmi.battleWindow.damageEstimation.melee" : "Atacar %CREATURE (%DAMAGE).",
	"vcmi.battleWindow.damageEstimation.meleeKills" : "Atacar %CREATURE (%DAMAGE, %KILLS).",
	"vcmi.battleWindow.damageEstimation.ranged" : "Disparar a %CREATURE (%SHOTS, %DAMAGE).",
	"vcmi.battleWindow.damageEstimation.rangedKills" : "Disparar a %CREATURE (%SHOTS, %DAMAGE, %KILLS).",
	"vcmi.battleWindow.damageEstimation.shots" : "%d disparos restantes",
	"vcmi.battleWindow.damageEstimation.shots.1" : "%d disparo restante",
	"vcmi.battleWindow.damageEstimation.damage" : "%d daño",
	"vcmi.battleWindow.damageEstimation.damage.1" : "%d daño",
	"vcmi.battleWindow.damageEstimation.kills" : "%d perecerán",
	"vcmi.battleWindow.damageEstimation.kills.1" : "%d perecerá",
	"vcmi.battleWindow.damageRetaliation.will" : "Contratacará ",
	"vcmi.battleWindow.damageRetaliation.may" : "Puede contratacar ",
	"vcmi.battleWindow.damageRetaliation.never" : "No contratacará.",
	"vcmi.battleWindow.killed" : "Eliminados",
	"vcmi.battleWindow.accurateShot.resultDescription.0" : "%d %s han sido eliminados por disparos certeros",
	"vcmi.battleWindow.accurateShot.resultDescription.1" : "%d %s ha sido eliminado por un disparo certero",
	"vcmi.battleWindow.accurateShot.resultDescription.2" : "%d %s han sido eliminados por disparos certeros",
	"vcmi.battleWindow.endWithAutocombat" : "¿Quieres finalizar la batalla con combate automatizado?",

	"vcmi.battleResultsWindow.applyResultsLabel" : "Aplicar resultado de la batalla",

	"vcmi.tutorialWindow.title" : "Introducción a la pantalla táctil",
	"vcmi.tutorialWindow.decription.RightClick" : "Toca y mantén presionado el elemento en el que quieres hacer clic derecho. Toca el área libre para cerrar.",
	"vcmi.tutorialWindow.decription.MapPanning" : "Toca y arrastra con un dedo para mover el mapa.",
	"vcmi.tutorialWindow.decription.MapZooming" : "Hace zoom con dos dedos para cambiar el zoom del mapa.",
	"vcmi.tutorialWindow.decription.RadialWheel" : "Deslizar abre la rueda radial para diversas acciones, como la gestión de criaturas/héroes y el pedido de ciudad.",
	"vcmi.tutorialWindow.decription.BattleDirection" : "Para atacar desde una dirección específica, desliza en la dirección desde la cual se va a realizar el ataque.",
	"vcmi.tutorialWindow.decription.BattleDirectionAbort" : "El gesto de dirección de ataque se puede cancelar si el dedo está lo suficientemente alejado.",
	"vcmi.tutorialWindow.decription.AbortSpell" : "Toca y mantén presionado para cancelar un hechizo.",

	"vcmi.otherOptions.availableCreaturesAsDwellingLabel.hover" : "Mostrar criaturas disponibles",
	"vcmi.otherOptions.availableCreaturesAsDwellingLabel.help" : "{Mostrar criaturas disponibles}\n\nMuestra la cantidad de criaturas disponibles para comprar en lugar de su crecimiento en el resumen de la ciudad (esquina inferior izquierda de la pantalla de la ciudad).",
	"vcmi.otherOptions.creatureGrowthAsDwellingLabel.hover": "Mostrar crecimiento semanal de criaturas",
	"vcmi.otherOptions.creatureGrowthAsDwellingLabel.help": "{Mostrar crecimiento semanal de criaturas}\n\nMuestra el crecimiento semanal de las criaturas en lugar de la cantidad disponible en el resumen de la ciudad (esquina inferior izquierda de la pantalla de la ciudad).",
	"vcmi.otherOptions.compactTownCreatureInfo.hover": "Información compacta de criaturas de la ciudad",
	"vcmi.otherOptions.compactTownCreatureInfo.help": "{Información compacta de criaturas de la ciudad}\n\nMuestra información más pequeña para las criaturas de la ciudad en el resumen de la ciudad (esquina inferior izquierda de la pantalla de la ciudad).",

	"vcmi.townHall.missingBase"             : "Primero se debe construir el edificio base %s",
	"vcmi.townHall.noCreaturesToRecruit"    : "¡No hay criaturas para reclutar!",

	"vcmi.logicalExpressions.anyOf"  : "Cualquiera de lo siguiente:",
	"vcmi.logicalExpressions.allOf"  : "Todo lo siguiente:",
	"vcmi.logicalExpressions.noneOf" : "Ninguno de lo siguiente:",

	"vcmi.heroWindow.openCommander.hover" : "Abrir ventana de información del comandante",
	"vcmi.heroWindow.openCommander.help"  : "Muestra detalles sobre el comandante de este héroe.",
	"vcmi.heroWindow.openBackpack.hover" : "Abrir ventana de mochila de artefactos",
	"vcmi.heroWindow.openBackpack.help"  : "Abre la ventana que facilita la gestión de la mochila de artefactos.",

	"vcmi.tavernWindow.inviteHero"  : "Invitar heroe",

	"vcmi.commanderWindow.artifactMessage" : "¿Quieres devolver este artefacto al héroe?",

	"vcmi.creatureWindow.showBonuses.hover"    : "Cambiar a vista de bonificaciones",
	"vcmi.creatureWindow.showBonuses.help"     : "Mostrar todas las bonificaciones activas del comandante.",
	"vcmi.creatureWindow.showSkills.hover"     : "Cambiar a vista de habilidades",
	"vcmi.creatureWindow.showSkills.help"      : "Mostrar todas las habilidades aprendidas del comandante.",
	"vcmi.creatureWindow.returnArtifact.hover" : "Devolver artefacto",
	"vcmi.creatureWindow.returnArtifact.help"  : "Haz clic en este botón para devolver el artefacto a la mochila del héroe.",

	"vcmi.questLog.hideComplete.hover" : "Ocultar misiones completadas",
	"vcmi.questLog.hideComplete.help"  : "Ocultar todas las misiones completadas.",

	"vcmi.randomMapTab.widgets.randomTemplate"      : "(Aleatorio)",
	"vcmi.randomMapTab.widgets.templateLabel"        : "Plantilla",
	"vcmi.randomMapTab.widgets.teamAlignmentsButton" : "Configuración...",
	"vcmi.randomMapTab.widgets.teamAlignmentsLabel"  : "Alineaciones de equipos",
	"vcmi.randomMapTab.widgets.roadTypesLabel"       : "Tipos de caminos",

	"vcmi.optionsTab.turnOptions.hover" : "Opciones de turno",
	"vcmi.optionsTab.turnOptions.help" : "Seleccionar temporizador de turno y opciones de turnos simultáneos",

	"vcmi.optionsTab.chessFieldBase.hover" : "Cronómetro base",
	"vcmi.optionsTab.chessFieldTurn.hover" : "Cronómetro de turno",
	"vcmi.optionsTab.chessFieldBattle.hover" : "Cronómetro de batalla",
	"vcmi.optionsTab.chessFieldUnit.hover" : "Cronómetro de unidad",
	"vcmi.optionsTab.chessFieldBase.help" : "Se utiliza cuando el {Cronómetro de Turno} alcanza 0. Se establece una vez al inicio del juego. Al alcanzar cero, termina el turno actual. Cualquier combate en curso terminará con una derrota.",
	"vcmi.optionsTab.chessFieldTurnAccumulate.help" : "Se utiliza fuera de combate o cuando el {Cronómetro de Batalla} se agota. Se restablece cada turno. El tiempo restante se suma al {Temporizador Base} al final del turno.",
	"vcmi.optionsTab.chessFieldTurnDiscard.help" : "Se utiliza fuera de combate o cuando el {Cronómetro de Batalla} se agota. Se restablece cada turno. Se pierde cualquier tiempo no utilizado.",
	"vcmi.optionsTab.chessFieldBattle.help" : "Se utiliza en batallas con IA o en combates JcJ cuando el {Cronómetro de Unidad} se agota. Se restablece al inicio de cada combate.",
	"vcmi.optionsTab.chessFieldUnitAccumulate.help" : "Se utiliza al seleccionar la acción de una unidad en combate JcJ. El tiempo restante se suma al {Temporizador de Batalla} al final del turno de la unidad.",
	"vcmi.optionsTab.chessFieldUnitDiscard.help" : "Se utiliza al seleccionar la acción de una unidad en combate JcJ. Se restablece al inicio del turno de cada unidad. Se pierde cualquier tiempo no utilizado.",

	"vcmi.optionsTab.accumulate" : "Acumular",

	"vcmi.optionsTab.simturnsTitle" : "Turnos simultáneos",
	"vcmi.optionsTab.simturnsMin.hover" : "Al menos por",
	"vcmi.optionsTab.simturnsMax.hover" : "Como máximo por",
	"vcmi.optionsTab.simturnsAI.hover" : "(Experimental) Turnos simultáneos de la IA",
	"vcmi.optionsTab.simturnsMin.help" : "Jugar simultáneamente durante el número especificado de días. Los contactos entre jugadores durante este período están bloqueados.",
	"vcmi.optionsTab.simturnsMax.help" : "Jugar simultáneamente durante el número especificado de días o hasta el contacto con otro jugador.",
	"vcmi.optionsTab.simturnsAI.help" : "{Turnos Simultáneos de IA}\nOpción experimental. Permite que los jugadores controlados por la IA actúen al mismo tiempo que el jugador humano cuando los turnos simultáneos están habilitados.",

	"vcmi.optionsTab.turnTime.select"     : "Configuración del Cronómetro de turno",
	"vcmi.optionsTab.turnTime.unlimited"  : "Tiempo de turno ilimitado",
	"vcmi.optionsTab.turnTime.classic.1"  : "Cronómetro clásico: 1 minuto",
	"vcmi.optionsTab.turnTime.classic.2"  : "Cronómetro clásico: 2 minutos",
	"vcmi.optionsTab.turnTime.classic.5"  : "Cronómetro clásico: 5 minutos",
	"vcmi.optionsTab.turnTime.classic.10" : "Cronómetro clásico: 10 minutos",
	"vcmi.optionsTab.turnTime.classic.20" : "Cronómetro clásico: 20 minutos",
	"vcmi.optionsTab.turnTime.classic.30" : "Cronómetro clásico: 30 minutos",
	"vcmi.optionsTab.turnTime.chess.20"   : "Ajedrez: 20:00 + 10:00 + 02:00 + 00:00",
	"vcmi.optionsTab.turnTime.chess.16"   : "Ajedrez: 16:00 + 08:00 + 01:30 + 00:00",
	"vcmi.optionsTab.turnTime.chess.8"    : "Ajedrez: 08:00 + 04:00 + 01:00 + 00:00",
	"vcmi.optionsTab.turnTime.chess.4"    : "Ajedrez: 04:00 + 02:00 + 00:30 + 00:00",
	"vcmi.optionsTab.turnTime.chess.2"    : "Ajedrez: 02:00 + 01:00 + 00:15 + 00:00",
	"vcmi.optionsTab.turnTime.chess.1"    : "Ajedrez: 01:00 + 01:00 + 00:00 + 00:00",

	"vcmi.optionsTab.simturns.select"         : "Configuración de turnos simultáneos",
	"vcmi.optionsTab.simturns.none"           : "Sin turnos simultáneos",
	"vcmi.optionsTab.simturns.tillContactMax" : "Turnos simultáneos: Hasta contactar",
	"vcmi.optionsTab.simturns.tillContact1"   : "Turnos simultáneos: 1 semana, interrupción al contactar",
	"vcmi.optionsTab.simturns.tillContact2"   : "Turnos simultáneos: 2 semanas, interrupción al contactar",
	"vcmi.optionsTab.simturns.tillContact4"   : "Turnos simultáneos: 1 mes, interrupción al contactar",
	"vcmi.optionsTab.simturns.blocked1"       : "Turnos simultáneos: 1 semana, contactos bloqueados",
	"vcmi.optionsTab.simturns.blocked2"       : "Turnos simultáneos: 2 semanas, contactos bloqueados",
	"vcmi.optionsTab.simturns.blocked4"       : "Turnos simultáneos: 1 mes, contactos bloqueados",

	// Translation note: translate strings below using form that is correct for "0 days", "1 day" and "2 days" in your language
	// Using this information, VCMI will automatically select correct plural form for every possible amount
	"vcmi.optionsTab.simturns.days.0" : " %d días",
	"vcmi.optionsTab.simturns.days.1" : " %d día",
	"vcmi.optionsTab.simturns.days.2" : " %d días",
	"vcmi.optionsTab.simturns.weeks.0" : " %d semanas",
	"vcmi.optionsTab.simturns.weeks.1" : " %d semana",
	"vcmi.optionsTab.simturns.weeks.2" : " %d semanas",
	"vcmi.optionsTab.simturns.months.0" : " %d meses",
	"vcmi.optionsTab.simturns.months.1" : " %d mes",
	"vcmi.optionsTab.simturns.months.2" : " %d meses",

	"vcmi.optionsTab.extraOptions.hover" : "Opciones extra",
	"vcmi.optionsTab.extraOptions.help" : "Opciones adicionales para el juego",

	"vcmi.optionsTab.cheatAllowed.hover" : "Permitir trampas",
	"vcmi.optionsTab.unlimitedReplay.hover" : "Repetición de batalla ilimitada",
	"vcmi.optionsTab.cheatAllowed.help" : "{Permitir trampas}\nPermite la introducción de trucos durante el juego.",
	"vcmi.optionsTab.unlimitedReplay.help" : "{Repetición de batalla ilimitada}\nSin límite de repetición de batallas.",

	// Custom victory conditions for H3 campaigns and HotA maps
	"vcmi.map.victoryCondition.daysPassed.toOthers" : "El enemigo ha logrado sobrevivir hasta hoy. ¡La victoria es suya!",
	"vcmi.map.victoryCondition.daysPassed.toSelf" : "¡Felicidades! Has logrado sobrevivir. ¡La victoria es tuya!",
	"vcmi.map.victoryCondition.eliminateMonsters.toOthers" : "El enemigo ha derrotado a todas las criaturas que asolaban esta tierra y reclama la victoria.",
	"vcmi.map.victoryCondition.eliminateMonsters.toSelf" : "¡Felicidades! Has derrotado a todas las criaturas que asolaban esta tierra y puedes reclamar la victoria.",
	"vcmi.map.victoryCondition.collectArtifacts.message" : "Adquirir tres artefactos",
	"vcmi.map.victoryCondition.angelicAlliance.toSelf" : "¡Felicidades! Todos tus enemigos han sido derrotados y tienes la Alianza Angelical. ¡La victoria es tuya!",
	"vcmi.map.victoryCondition.angelicAlliance.message" : "Derrota a todos los enemigos y crea la Alianza Angelical",
	"vcmi.map.victoryCondition.angelicAlliancePartLost.toSelf" : "Por desgracia, has perdido parte de la Alianza Angélica. Todo se ha perdido.",

	// few strings from WoG used by vcmi
	"vcmi.stackExperience.description" : "» D e t a l l e s  d e  E x p e r i e n c i a  d e l  G r u p o «\n\nTipo de Criatura ................ : %s\nRango de Experiencia ............ : %s (%i)\nPuntos de Experiencia ............ : %i\nPuntos de Experiencia para el\nSiguiente Rango ............... : %i\nExperiencia Máxima por Batalla .. : %i%% (%i)\nNúmero de Criaturas en el grupo .. : %i\nMáximo de Nuevos Reclutas sin\nPerder el Rango Actual ......... : %i\nMultiplicador de Experiencia .... : %.2f\nMultiplicador de Actualización .. : %.2f\nExperiencia después del Rango 10 : %i\nMáximo de Nuevos Reclutas para\nMantener el Rango 10 si\nEstá en la Experiencia Máxima : %i",
	"vcmi.stackExperience.rank.0" : "Básico",
	"vcmi.stackExperience.rank.1" : "Novato",
	"vcmi.stackExperience.rank.2" : "Entrenado",
	"vcmi.stackExperience.rank.3" : "Hábil",
	"vcmi.stackExperience.rank.4" : "Probado",
	"vcmi.stackExperience.rank.5" : "Veterano",
	"vcmi.stackExperience.rank.6" : "Experto",
	"vcmi.stackExperience.rank.7" : "Experto Superior",
	"vcmi.stackExperience.rank.8" : "Élite",
	"vcmi.stackExperience.rank.9" : "Maestro",
	"vcmi.stackExperience.rank.10" : "As",

	"core.bonus.ADDITIONAL_ATTACK.name": "Doble Ataque",
	"core.bonus.ADDITIONAL_ATTACK.description": "Ataca dos veces",
	"core.bonus.ADDITIONAL_RETALIATION.name": "Contrataques adicionales",
	"core.bonus.ADDITIONAL_RETALIATION.description": "Puede contratacar ${val} veces adicionales",
	"core.bonus.AIR_IMMUNITY.name": "Inmunidad al Aire",
	"core.bonus.AIR_IMMUNITY.description": "Inmune a todos los hechizos de la escuela de Aire",
	"core.bonus.ATTACKS_ALL_ADJACENT.name": "Ataque en todas las direcciones",
	"core.bonus.ATTACKS_ALL_ADJACENT.description": "Ataca a todos los enemigos adyacentes",
	"core.bonus.BLOCKS_RETALIATION.name": "Evita contrataque",
	"core.bonus.BLOCKS_RETALIATION.description": "El enemigo no puede contratacar",
	"core.bonus.BLOCKS_RANGED_RETALIATION.name": "Evita contrataque a distancia",
	"core.bonus.BLOCKS_RANGED_RETALIATION.description": "El enemigo no puede contratacar disparando",
	"core.bonus.CATAPULT.name": "Catapulta",
	"core.bonus.CATAPULT.description": "Ataca a las paredes de asedio",
	"core.bonus.CHANGES_SPELL_COST_FOR_ALLY.name": "Reducir coste del conjuro (${val})",
	"core.bonus.CHANGES_SPELL_COST_FOR_ALLY.description": "Reduce el coste del conjuro para el héroe",
	"core.bonus.CHANGES_SPELL_COST_FOR_ENEMY.name": "Disminuir efecto mágico (${val})",
	"core.bonus.CHANGES_SPELL_COST_FOR_ENEMY.description": "Aumenta el coste de los hechizos del enemigo",
	"core.bonus.CHARGE_IMMUNITY.name": "Inmunidad a la Carga",
	"core.bonus.CHARGE_IMMUNITY.description": "Inmune al ataque de carga del campeón",
	"core.bonus.DARKNESS.name": "Cobertura de Oscuridad",
	"core.bonus.DARKNESS.description": "Añade un radio de oscuridad de ${val}",
	"core.bonus.DEATH_STARE.name": "Mirada Mortal (${val}%)",
	"core.bonus.DEATH_STARE.description": "Tiene ${val}% de probabilidad de matar a una criatura",
	"core.bonus.DEFENSIVE_STANCE.name": "Bonificación de Defensa",
	"core.bonus.DEFENSIVE_STANCE.description": "+${val} de Defensa al defender",
	"core.bonus.DESTRUCTION.name": "Destrucción",
	"core.bonus.DESTRUCTION.description": "Tiene ${val}% de probabilidad de matar unidades extra después del ataque",
	"core.bonus.DOUBLE_DAMAGE_CHANCE.name": "Golpe Mortal",
	"core.bonus.DOUBLE_DAMAGE_CHANCE.description": "${val}% de probabilidad de doble daño",
	"core.bonus.DRAGON_NATURE.name": "Dragón",
	"core.bonus.DRAGON_NATURE.description": "La criatura tiene la naturaleza de dragón",
	"core.bonus.EARTH_IMMUNITY.name": "Inmunidad a la Tierra",
	"core.bonus.EARTH_IMMUNITY.description": "Inmune a todos los hechizos de la escuela de tierra",
	"core.bonus.ENCHANTER.name": "Encantador",
	"core.bonus.ENCHANTER.description": "Puede lanzar ${subtype.spell} masivo cada turno",
	"core.bonus.ENCHANTED.name": "Encantado",
	"core.bonus.ENCHANTED.description": "Afectado por el hechizo permanente ${subtype.spell}",
	"core.bonus.ENEMY_ATTACK_REDUCTION.name": "Ignorar ataque (${val}%)",
	"core.bonus.ENEMY_ATTACK_REDUCTION.description": "Al ser atacado, ${val}% del daño del atacante es ignorado",
	"core.bonus.ENEMY_DEFENCE_REDUCTION.name": "Ignorar Defensa (${val}%)",
	"core.bonus.ENEMY_DEFENCE_REDUCTION.description": "Ignora una parte de la defensa al atacar",
	"core.bonus.FIRE_IMMUNITY.name": "Inmunidad al Fuego",
	"core.bonus.FIRE_IMMUNITY.description": "Inmune a todos los hechizos de la escuela de fuego",
	"core.bonus.FIRE_SHIELD.name": "Escudo de Fuego (${val}%)",
	"core.bonus.FIRE_SHIELD.description": "Refleja una parte del daño cuerpo a cuerpo",
	"core.bonus.FIRST_STRIKE.name": "Primer Ataque",
	"core.bonus.FIRST_STRIKE.description": "Esta criatura ataca primero en lugar de contratacar",
	"core.bonus.FEAR.name": "Miedo",
	"core.bonus.FEAR.description": "Causa miedo a un grupo enemigo",
	"core.bonus.FEARLESS.name": "Inmune al miedo",
	"core.bonus.FEARLESS.description": "Inmune a la habilidad de miedo",
	"core.bonus.FEROCITY.name": "Ferocidad",
	"core.bonus.FEROCITY.description": "Ataca ${val} veces adicionales en caso de eliminar a alguien",
	"core.bonus.FLYING.name": "Volar",
	"core.bonus.FLYING.description": "Puede volar (ignora obstáculos)",
	"core.bonus.FREE_SHOOTING.name": "Disparo cercano",
	"core.bonus.FREE_SHOOTING.description": "Puede disparar en combate cercano",
	"core.bonus.GARGOYLE.name": "Gárgola",
	"core.bonus.GARGOYLE.description": "No puede ser resucitado o curado",
	"core.bonus.GENERAL_DAMAGE_REDUCTION.name": "Reducir daño (${val}%)",
	"core.bonus.GENERAL_DAMAGE_REDUCTION.description": "Reduce el daño físico de ataques a distancia o cuerpo a cuerpo",
	"core.bonus.HATE.name": "Odio a ${subtype.creature}",
	"core.bonus.HATE.description": "Hace un ${val}% más de daño",
	"core.bonus.HEALER.name": "Curador",
	"core.bonus.HEALER.description": "Cura unidades aliadas",
	"core.bonus.HP_REGENERATION.name": "Regeneración",
	"core.bonus.HP_REGENERATION.description": "Cura ${val} puntos de vida cada ronda",
	"core.bonus.JOUSTING.name": "Carga de campeón",
	"core.bonus.JOUSTING.description": "+5% de daño por hexágono recorrido",
	"core.bonus.KING.name": "Rey",
	"core.bonus.KING.description": "Vulnerable a nivel SLAYER ${val} o superior.",
	"core.bonus.LEVEL_SPELL_IMMUNITY.name": "Inmunidad a hechizos 1-${val}",
	"core.bonus.LEVEL_SPELL_IMMUNITY.description": "Inmune a hechizos de nivel 1-${val}",
	"core.bonus.LIMITED_SHOOTING_RANGE.name" : "Rango de disparo limitado",
	"core.bonus.LIMITED_SHOOTING_RANGE.description" : "No puede disparar a objetivos más allá de ${val} hexágonos",
	"core.bonus.LIFE_DRAIN.name": "Drenaje de vida (${val}%)",
	"core.bonus.LIFE_DRAIN.description": "Drena ${val}% del daño causado",
	"core.bonus.MANA_CHANNELING.name": "Canalización mágica ${val}%",
	"core.bonus.MANA_CHANNELING.description": "Tu héroe recibe el maná gastado por el enemigo",
	"core.bonus.MANA_DRAIN.name": "Drenaje de maná",
	"core.bonus.MANA_DRAIN.description": "Drena ${val} de maná cada turno",
	"core.bonus.MAGIC_MIRROR.name": "Espejo mágico (${val}%)",
	"core.bonus.MAGIC_MIRROR.description": "Tiene una probabilidad del ${val}% de redirigir un hechizo ofensivo al enemigo",
	"core.bonus.MAGIC_RESISTANCE.name": "Resistencia mágica (${val}%)",
	"core.bonus.MAGIC_RESISTANCE.description": "Tiene una probabilidad del ${val}% de resistir el hechizo del enemigo",
	"core.bonus.MIND_IMMUNITY.name": "Inmunidad a hechizos mentales",
	"core.bonus.MIND_IMMUNITY.description": "Inmune a hechizos de tipo mental",
	"core.bonus.NO_DISTANCE_PENALTY.name": "Sin penalización por distancia",
	"core.bonus.NO_DISTANCE_PENALTY.description": "Causa el daño completo desde cualquier distancia",
	"core.bonus.NO_MELEE_PENALTY.name": "Sin penalización de melé",
	"core.bonus.NO_MELEE_PENALTY.description": "La criatura no tiene penalización en el combate cuerpo a cuerpo",
	"core.bonus.NO_MORALE.name": "Moral neutral",
	"core.bonus.NO_MORALE.description": "La criatura es inmune a los efectos de la moral",
	"core.bonus.NO_WALL_PENALTY.name": "Sin penalización por muros",
	"core.bonus.NO_WALL_PENALTY.description": "Daño completo durante el asedio",
	"core.bonus.NON_LIVING.name": "No vivo",
	"core.bonus.NON_LIVING.description": "Inmunidad a muchos efectos",
	"core.bonus.RANDOM_SPELLCASTER.name": "Lanzador de hechizos aleatorio",
	"core.bonus.RANDOM_SPELLCASTER.description": "Puede lanzar hechizos aleatorios",
	"core.bonus.RANGED_RETALIATION.name": "Contrataque a distancia",
	"core.bonus.RANGED_RETALIATION.description": "Puede realizar un contrataque a distancia",
	"core.bonus.RECEPTIVE.name": "Receptivo",
	"core.bonus.RECEPTIVE.description": "No tiene inmunidad a hechizos amistosos",
	"core.bonus.REBIRTH.name": "Renacimiento (${val}%)",
	"core.bonus.REBIRTH.description": "El ${val}% del grupo resucitará después de la muerte",
	"core.bonus.RETURN_AFTER_STRIKE.name": "Atacar y volver",
	"core.bonus.RETURN_AFTER_STRIKE.description": "Regresa después de un ataque cuerpo a cuerpo",
	"core.bonus.REVENGE.name": "Venganza",
	"core.bonus.REVENGE.description": "Inflige daño adicional según la salud perdida del atacante en la batalla.",
	"core.bonus.SHOOTER.name": "A distancia",
	"core.bonus.SHOOTER.description": "La criatura puede disparar",
	"core.bonus.SHOOTS_ALL_ADJACENT.name": "Dispara en todas direcciones",
	"core.bonus.SHOOTS_ALL_ADJACENT.description": "Los ataques a distancia de esta criatura impactan a todos los objetivos en un área reducida",
	"core.bonus.SOUL_STEAL.name": "Roba almas",
	"core.bonus.SOUL_STEAL.description": "Gana ${val} nuevas criaturas por cada enemigo eliminado",
	"core.bonus.SPELLCASTER.name": "Lanzador de hechizos",
	"core.bonus.SPELLCASTER.description": "Puede lanzar ${subtype.spell}",
	"core.bonus.SPELL_AFTER_ATTACK.name": "Lanzar después del ataque",
	"core.bonus.SPELL_AFTER_ATTACK.description": "${val}% de probabilidad de lanzar ${subtype.spell} después del ataque",
	"core.bonus.SPELL_BEFORE_ATTACK.name": "Lanzar antes del ataque",
	"core.bonus.SPELL_BEFORE_ATTACK.description": "${val}% de probabilidad de lanzar ${subtype.spell} antes del ataque",
	"core.bonus.SPELL_DAMAGE_REDUCTION.name": "Resistencia a hechizos",
	"core.bonus.SPELL_DAMAGE_REDUCTION.description": "Reduce el daño de los hechizos en un ${val}%.",
	"core.bonus.SPELL_IMMUNITY.name": "Inmunidad a hechizos",
	"core.bonus.SPELL_IMMUNITY.description": "Inmune a ${subtype.spell}",
	"core.bonus.SPELL_LIKE_ATTACK.name": "Ataque similar a hechizo",
	"core.bonus.SPELL_LIKE_ATTACK.description": "Ataca con ${subtype.spell}",
	"core.bonus.SPELL_RESISTANCE_AURA.name": "Aura de resistencia",
	"core.bonus.SPELL_RESISTANCE_AURA.description": "Las unidades cercanas obtienen una resistencia mágica del ${val}%",
	"core.bonus.SUMMON_GUARDIANS.name": "Invocar guardianes",
	"core.bonus.SUMMON_GUARDIANS.description": "Al comienzo de la batalla invoca ${subtype.creature} (${val}%)",
	"core.bonus.SYNERGY_TARGET.name": "Sinergia",
	"core.bonus.SYNERGY_TARGET.description": "Esta criatura es vulnerable al efecto de sinergia",
	"core.bonus.TWO_HEX_ATTACK_BREATH.name": "Aliento",
	"core.bonus.TWO_HEX_ATTACK_BREATH.description": "Ataque de aliento (rango de 2 hexágonos)",
	"core.bonus.THREE_HEADED_ATTACK.name": "Ataque de tres cabezas",
	"core.bonus.THREE_HEADED_ATTACK.description": "Ataca a tres unidades adyacentes",
	"core.bonus.TRANSMUTATION.name": "Transmutación",
	"core.bonus.TRANSMUTATION.description": "${val}% de probabilidad de transformar la unidad atacada en otro tipo",
	"core.bonus.UNDEAD.name": "No muerto",
	"core.bonus.UNDEAD.description": "La criatura es un no muerto",
	"core.bonus.UNLIMITED_RETALIATIONS.name": "Contrataques ilimitados",
	"core.bonus.UNLIMITED_RETALIATIONS.description": "Puede realizar un número ilimitado de contrataques",
	"core.bonus.WATER_IMMUNITY.name": "Inmunidad al agua",
	"core.bonus.WATER_IMMUNITY.description": "Inmune a todos los hechizos de la escuela del agua",
	"core.bonus.WIDE_BREATH.name": "Aliento amplio",
	"core.bonus.WIDE_BREATH.description": "Ataque de aliento amplio (varios hexágonos)"
}
