{
	"sand_shore": { "graphics" : "CMBKBCH.BMP" },
	"sand_mesas": { "graphics" : "CMBKDES.BMP" },
	"dirt_birches": { "graphics" : "CMBKDRTR.BMP" },
	"dirt_hills": { "graphics" : "CMBKDRMT.BMP" },
	"dirt_pines": { "graphics" : "CMBKDRDD.BMP" },
	"grass_hills": { "graphics" : "CMBKGRMT.BMP" },
	"grass_pines": { "graphics" : "CMBKGRTR.BMP" },
	"lava":  { "graphics" :"CMBKLAVA.BMP" },
	"magic_plains": {
		"graphics": "CMBKMAG.BMP",
		"isSpecial" : true,
		"bonuses": [
			{
				"type" : "MAGIC_SCHOOL_SKILL",
				"subtype" : "spellSchool.any",
				"val" : 3,
				"valueType" : "BASE_NUMBER"
			}
		]
	},
	"snow_mountains": { "graphics" : "CMBKSNMT.BMP" },
	"snow_trees": { "graphics" : "CMBKSNTR.BMP" },
	"subterranean": { "graphics" : "CMBKSUB.BMP" },
	"swamp_trees": { "graphics" : "CMBKSWMP.BMP" },
	"fiery_fields": {
		"graphics": "CMBKFF.BMP",
		"isSpecial" : true,
		"bonuses": [
			{
				"type" : "MAGIC_SCHOOL_SKILL",
				"subtype" : "spellSchool.fire",
				"val" : 3,
				"valueType" : "BASE_NUMBER"
			}
		]
	},
	"rocklands": {
		"graphics": "CMBKRK.BMP",
		"isSpecial" : true,
		"bonuses": [
			{
				"type" : "MAGIC_SCHOOL_SKILL",
				"subtype" : "spellSchool.earth",
				"val" : 3,
				"valueType" : "BASE_NUMBER"
			}
		]
	},
	"magic_clouds": {
		"graphics": "CMBKMC.BMP",
		"isSpecial" : true,
		"bonuses": [
			{
				"type" : "MAGIC_SCHOOL_SKILL",
				"subtype" : "spellSchool.air",
				"val" : 3,
				"valueType" : "BASE_NUMBER"
			}
		]
	},
	"lucid_pools": {
		"graphics": "CMBKLP.BMP",
		"isSpecial" : true,
		"bonuses": [
			{
				"type" : "MAGIC_SCHOOL_SKILL",
				"subtype" : "spellSchool.water",
				"val" : 3,
				"valueType" : "BASE_NUMBER"
			}
		]
	},
	"holy_ground": {
		"graphics": "CMBKHG.BMP",
		"isSpecial" : true,
		"bonuses": [
			{
				"type" : "MORALE",
				"val" : 1,
				"valueType" : "BASE_NUMBER",
				"description" : "core.arraytxt.123",
				"limiters": [{ "type" : "CREATURE_ALIGNMENT_LIMITER", "parameters" : ["good"] }]
			},
			{
				"type" : "MORALE",
				"val" : -1,
				"valueType" : "BASE_NUMBER",
				"description" : "core.arraytxt.124",
				"limiters": [{ "type" : "CREATURE_ALIGNMENT_LIMITER", "parameters" : ["evil"] }]
			}
		]
	},
	"clover_field": {
		"graphics": "CMBKCF.BMP",
		"isSpecial" : true,
		"bonuses": [
			{
				"type" : "LUCK",
				"val" : 2,
				"valueType" : "BASE_NUMBER",
				"description" : "core.arraytxt.83",
				"limiters": [{ "type" : "CREATURE_ALIGNMENT_LIMITER", "parameters" : ["neutral"] }]
			}
		]
	},
	"evil_fog": {
		"graphics": "CMBKEF.BMP",
		"isSpecial" : true,
		"bonuses": [
			{
				"type" : "MORALE",
				"val" : -1,
				"valueType" : "BASE_NUMBER",
				"description" : "core.arraytxt.126",
				"limiters": [{ "type" : "CREATURE_ALIGNMENT_LIMITER", "parameters" : ["good"] }]
			},
			{
				"type" : "MORALE",
				"val" : 1,
				"valueType" : "BASE_NUMBER",
				"description" : "core.arraytxt.125",
				"limiters": [{ "type" : "CREATURE_ALIGNMENT_LIMITER", "parameters" : ["evil"] }]
			}
		]
	},
	"cursed_ground": {
		"graphics": "CMBKCUR.BMP",
		"isSpecial" : true,
		"bonuses": [
			{
				"type" : "NO_MORALE",
				"val" : 0,
				"valueType" : "INDEPENDENT_MIN",
				"description" : "core.arraytxt.112"
			},
			{
				"type" : "NO_LUCK",
				"val" : 0,
				"valueType" : "INDEPENDENT_MIN",
				"description" : "core.arraytxt.81"
			},
			{
				"type" : "BLOCK_MAGIC_ABOVE",
				"val" : 1,
				"valueType" : "INDEPENDENT_MIN"
			}
		]
	},
	"rough": { "graphics" : "CMBKRGH.BMP" },
	"ship_to_ship": 
	{
		"graphics" : "CMBKBOAT.BMP",
		"impassableHexes" : [
			6, 7, 8, 9,
			24, 25, 26,
			58, 59, 60,
			75, 76, 77,
			92, 93, 94,
			109, 110, 111,
			126, 127, 128,
			159, 160, 161, 162, 163,
			176, 177, 178, 179, 180]
	},
	"ship": { "graphics" : "CMBKDECK.BMP", "isSpecial" : true}
}
