{
    "creatures": [
        {            "max" : 4, "creature": "imp" },
        { "min" : 5, "max" : 8, "creature": "gremlin" },
        { "min" : 9, "max" : 12, "creature": "gnoll" },
        { "min" : 13, "max" : 16, "creature": "troglodyte" },
        { "min" : 17, "max" : 20, "creature": "familiar" },
        { "min" : 21, "max" : 24, "creature": "skeleton" },
        { "min" : 25, "max" : 28, "creature": "goblin" },
        { "min" : 29, "max" : 32, "creature": "masterGremlin" },
        { "min" : 33, "max" : 36, "creature": "hobgoblin" },
        { "min" : 37, "max" : 40, "creature": "pikeman" },
        { "min" : 41, "max" : 44, "creature": "infernalTroglodyte" },
        { "min" : 45, "max" : 48, "creature": "skeletonWarrior" },
        { "min" : 49, "max" : 52, "creature": "gnollMarauder" },
        { "min" : 53, "max" : 56, "creature": "walkingDead" },
        { "min" : 57, "max" : 60, "creature": "centaur" },
        { "min" : 61, "max" : 64, "creature": "halberdier" },
        { "min" : 65, "max" : 68, "creature": "archer" },
        { "min" : 69, "max" : 72, "creature": "lizardman" },
        { "min" : 73, "max" : 76, "creature": "zombie" },
        { "min" : 77, "max" : 80, "creature": "goblinWolfRider" },
        { "min" : 81, "max" : 84, "creature": "centaurCaptain" },
        { "min" : 85, "max" : 88, "creature": "dwarf" },
        { "min" : 89, "max" : 92, "creature": "harpy" },
        { "min" : 93, "max" : 96, "creature": "lizardWarrior" },
        { "min" : 97, "max" : 100, "creature": "gog" },
        { "min" : 101, "max" : 104, "creature": "stoneGargoyle" },
        { "min" : 105, "max" : 108, "creature": "sharpshooter" },
        { "min" : 109, "max" : 112, "creature": "orc" },
        { "min" : 113, "max" : 116, "creature": "obsidianGargoyle" },
        { "min" : 117, "max" : 120, "creature": "hobgoblinWolfRider" },
        { "min" : 121, "max" : 124, "creature": "battleDwarf" },
        { "min" : 125, "max" : 128, "creature": "woodElf" },
        { "min" : 129, "max" : 132, "creature": "harpyHag" },
        { "min" : 133, "max" : 136, "creature": "magog" },
        { "min" : 137, "max" : 140, "creature": "orcChieftain" },
        { "min" : 141, "max" : 144, "creature": "stoneGolem" },
        { "min" : 145, "max" : 148, "creature": "wight" },
        { "min" : 149, "max" : 152, "creature": "serpentFly" },
        { "min" : 153, "max" : 156, "creature": "dragonFly" },
        { "min" : 157, "max" : 160, "creature": "wraith" },
        { "min" : 161, "max" : 164, "creature": "waterElemental" },
        { "min" : 165, "max" : 168, "creature": "earthElemental" },
        { "min" : 169, "max" : 172, "creature": "grandElf" },
        { "min" : 173, "max" : 176, "creature": "beholder" },
        { "min" : 177, "max" : 180, "creature": "fireElemental" },
        { "min" : 181, "max" : 184, "creature": "griffin" },
        { "min" : 185, "max" : 187, "creature": "airElemental" },
        { "min" : 188, "max" : 190, "creature": "hellHound" },
        { "min" : 191, "max" : 193, "creature": "evilEye" },
        { "min" : 194, "max" : 196, "creature": "cerberus" },
        { "min" : 197, "max" : 199, "creature": "ironGolem" },
        { "min" : 200, "max" : 202, "creature": "ogre" },
        { "min" : 203, "max" : 205, "creature": "swordsman" },
        { "min" : 206, "max" : 208, "creature": "demon" },
        { "min" : 209, "max" : 211, "creature": "royalGriffin" },
        { "min" : 212, "max" : 214, "creature": "hornedDemon" },
        { "min" : 215, "max" : 217, "creature": "monk" },
        { "min" : 218, "max" : 220, "creature": "dendroidGuard" },
        { "min" : 221, "max" : 223, "creature": "medusa" },
        { "min" : 224, "max" : 226, "creature": "pegasus" },
        { "min" : 227, "max" : 229, "creature": "silverPegasus" },
        { "min" : 230, "max" : 232, "creature": "basilisk" },
        { "min" : 233, "max" : 235, "creature": "vampire" },
        { "min" : 236, "max" : 238, "creature": "mage" },
        { "min" : 239, "max" : 241, "creature": "medusaQueen" },
        { "min" : 242, "max" : 244, "creature": "crusader" },
        { "min" : 245, "max" : 247, "creature": "goldGolem" },
        { "min" : 248, "max" : 250, "creature": "ogreMage" },
        { "min" : 251, "max" : 253, "creature": "archMage" },
        { "min" : 254, "max" : 256, "creature": "greaterBasilisk" },
        { "min" : 257, "max" : 259, "creature": "zealot" },
        { "min" : 260, "max" : 262, "creature": "pitFiend" },
        { "min" : 263, "max" : 265, "creature": "diamondGolem" },
        { "min" : 266, "max" : 268, "creature": "vampireLord" },
        { "min" : 269, "max" : 271, "creature": "dendroidSoldier" },
        { "min" : 272, "max" : 274, "creature": "minotaur" },
        { "min" : 275, "max" : 277, "creature": "lich" },
        { "min" : 278, "max" : 280, "creature": "genie" },
        { "min" : 281, "max" : 283, "creature": "gorgon" },
        { "min" : 284, "max" : 286, "creature": "masterGenie" },
        { "min" : 287, "max" : 289, "creature": "roc" },
        { "min" : 290, "max" : 292, "creature": "mightyGorgon" },
        { "min" : 293, "max" : 295, "creature": "minotaurKing" },
        { "min" : 296, "max" : 298, "creature": "powerLich" },
        { "min" : 299, "max" : 301, "creature": "thunderbird" },
        { "min" : 302, "max" : 304, "creature": "pitLord" },
        { "min" : 305, "max" : 307, "creature": "cyclop" },
        { "min" : 308, "max" : 310, "creature": "wyvern" },
        { "min" : 311, "max" : 313, "creature": "cyclopKing" },
        { "min" : 314, "max" : 316, "creature": "wyvernMonarch" },
        { "min" : 317, "max" : 319, "creature": "manticore" },
        { "min" : 320, "max" : 322, "creature": "scorpicore" },
        { "min" : 323, "max" : 325, "creature": "efreet" },
        { "min" : 326, "max" : 328, "creature": "unicorn" },
        { "min" : 329, "max" : 331, "creature": "efreetSultan" },
        { "min" : 332, "max" : 334, "creature": "cavalier" },
        { "min" : 335, "max" : 337, "creature": "naga" },
        { "min" : 338, "max" : 340, "creature": "warUnicorn" },
        { "min" : 341, "max" : 343, "creature": "blackKnight" },
        { "min" : 344, "max" : 346, "creature": "champion" },
        { "min" : 347, "max" : 349, "creature": "dreadKnight" },
        { "min" : 350, "max" : 352, "creature": "nagaQueen" },
        { "min" : 353, "max" : 355, "creature": "behemoth" },
        { "min" : 356, "max" : 358, "creature": "boneDragon" },
        { "min" : 359, "max" : 361, "creature": "giant" },
        { "min" : 362, "max" : 364, "creature": "hydra" },
        { "min" : 365, "max" : 367, "creature": "ghostDragon" },
        { "min" : 368, "max" : 370, "creature": "redDragon" },
        { "min" : 371, "max" : 373, "creature": "greenDragon" },
        { "min" : 374, "max" : 376, "creature": "angel" },
        { "min" : 377, "max" : 379, "creature": "devil" },
        { "min" : 380, "max" : 382, "creature": "chaosHydra" },
        { "min" : 383, "max" : 385, "creature": "ancientBehemoth" },
        { "min" : 386, "max" : 388, "creature": "archDevil" },
        { "min" : 389, "max" : 391, "creature": "titan" },
        { "min" : 392, "max" : 394, "creature": "goldDragon" },
        { "min" : 395, "max" : 397, "creature": "blackDragon" },
        { "min" : 398,              "creature": "archangel" }
    ]
}