{
	"Golems Aplenty" :
	{
		"minSize" : "s", "maxSize" : "l+u",
		"players" : "2-4",
		"zones" :
		{
			"1" :
			{
				"type" : "playerStart",
				"size" : 15,
				"owner" : 1,
				"monsters" : "normal",
				"playerTowns" : { "castles" : 1 },
				"matchTerrainToTown" : false,
				"terrainTypes" : [ "dirt", "grass" ],
				"mines" : { "wood" : 1, "mercury" : 1, "ore" : 1, "sulfur" : 1, "crystal" : 1, "gems" : 1, "gold" : 2 },
				"treasure" :
				[
					{ "min" : 1000, "max" : 4000, "density" : 8 },
					{ "min" : 3000, "max" : 9000, "density" : 4 },
					{ "min" : 9000, "max" : 20000, "density" : 2 }
				]
			},
			"2" :
			{
				"type" : "playerStart",
				"size" : 15,
				"owner" : 2,
				"monsters" : "normal",
				"playerTowns" : { "castles" : 1 },
				"terrainTypeLikeZone" : 1,
				"minesLikeZone" : 1,
				"treasureLikeZone" : 1
			},
			"3" :
			{
				"type" : "playerStart",
				"size" : 15,
				"owner" : 3,
				"monsters" : "normal",
				"playerTowns" : { "castles" : 1 },
				"terrainTypeLikeZone" : 1,
				"minesLikeZone" : 1,
				"treasureLikeZone" : 1
			},
			"4" :
			{
				"type" : "playerStart",
				"size" : 15,
				"owner" : 4,
				"monsters" : "normal",
				"playerTowns" : { "castles" : 1 },
				"terrainTypeLikeZone" : 1,
				"minesLikeZone" : 1,
				"treasureLikeZone" : 1
			},
			"5" :
			{
				"type" : "treasure",
				"size" : 35,
				"monsters" : "strong",
				"neutralTowns" : { "towns" : 1 },
				"allowedTowns" : [ "tower" ],
				"matchTerrainToTown" : false,
				"terrainTypes" : [ "dirt", "snow" ],
				"treasure" :
				[
					{ "min" : 3000, "max" : 9000, "density" : 10 },
					{ "min" : 5000, "max" : 18000, "density" : 6 },
					{ "min" : 9000, "max" : 60000, "density" : 4 }
				]
			},
			"6" :
			{
				"type" : "treasure",
				"size" : 20,
				"monsters" : "normal",
				"matchTerrainToTown" : false,
				"terrainTypes" : [ "subterra" ],
				"treasure" :
				[
					{ "min" : 500, "max" : 3000, "density" : 6 },
					{ "min" : 3000, "max" : 9000, "density" : 4 },
					{ "min" : 9000, "max" : 30000, "density" : 1 }
				]
			},
			"7" :
			{
				"type" : "treasure",
				"size" : 20,
				"monsters" : "normal",
				"terrainTypeLikeZone" : 6,
				"treasureLikeZone" : 6
			}
		},
		"connections" :
		[
			{ "a" : "1", "b" : "5", "guard" : 8000 },
			{ "a" : "1", "b" : "6", "guard" : 10000 },
			{ "a" : "2", "b" : "5", "guard" : 8000 },
			{ "a" : "3", "b" : "5", "guard" : 8000 },
			{ "a" : "3", "b" : "7", "guard" : 10000 },
			{ "a" : "4", "b" : "5", "guard" : 8000 },
			{ "a" : "5", "b" : "6", "guard" : 7000 },
			{ "a" : "5", "b" : "7", "guard" : 7000 }
		]
	}
}
