{
"0": { "eventid":"1560169506", "switchid":"0", "name":"Boss", "txtp":"Ambs-00295.txtp" },
"1": { "eventid":"1850388778", "switchid":"0", "name":"Desert", "txtp":"Ambs-00296.txtp" },
"2": { "eventid":"1665166276", "switchid":"0", "name":"Hell_1", "txtp":"Ambs-00297.txtp" },
"3": { "eventid":"1665166279", "switchid":"0", "name":"Hell_2", "txtp":"Ambs-00298.txtp" },
"4": { "eventid":"931810011", "switchid":"0", "name":"Hell_Intro", "txtp":"Ambs-00299.txtp" },
"5": { "eventid":"1769061634", "switchid":"0", "name":"Spooky", "txtp":"Ambs-00314.txtp" },
"6": { "eventid":"942769058", "switchid":"0", "name":"Spooky_Cave", "txtp":"Ambs-00315.txtp" },
"7": { "eventid":"3425445029", "switchid":"0", "name":"Tech", "txtp":"Ambs-00316.txtp" },
"8": { "eventid":"128821749", "switchid":"0", "name":"Level_10_Music_transition-0081", "txtp":"Events-00127.txtp" },
"9": { "eventid":"686475203", "switchid":"0", "name":"Level_10_Music_transition-0644", "txtp":"Events-00128.txtp" },
"10": { "eventid":"799673120", "switchid":"0", "name":"Level_11_Music_transition-0674", "txtp":"Events-00133.txtp" },
"11": { "eventid":"356514390", "switchid":"0", "name":"Level_11_Music_transition-0252", "txtp":"Events-00134.txtp" },
"12": { "eventid":"901214054", "switchid":"0", "name":"Level_11_Music_transition-0833", "txtp":"Events-00135.txtp" },
"13": { "eventid":"51407529", "switchid":"0", "name":"Level_12_Music_transition-0041", "txtp":"Events-00142.txtp" },
"14": { "eventid":"1067787791", "switchid":"0", "name":"Level_12_Music_transition-1027", "txtp":"Events-00143.txtp" },
"15": { "eventid":"954335291", "switchid":"0", "name":"Level_13_Music_transition-0856", "txtp":"Events-00147.txtp" },
"16": { "eventid":"939235763", "switchid":"0", "name":"Level_1_Music_transition-0845", "txtp":"Events-00151.txtp" },
"17": { "eventid":"692911600", "switchid":"0", "name":"Level_2_Music_transition-0650", "txtp":"Events-00157.txtp" },
"18": { "eventid":"460696002", "switchid":"0", "name":"Level_3_Music_transition-0337", "txtp":"Events-00162.txtp" },
"19": { "eventid":"807644450", "switchid":"0", "name":"Level_3_Music_transition-0719", "txtp":"Events-00163.txtp" },
"20": { "eventid":"84432466", "switchid":"0", "name":"Level_4_Music_transition-0057", "txtp":"Events-00168.txtp" },
"21": { "eventid":"598603669", "switchid":"0", "name":"Level_4_Music_transition-0552", "txtp":"Events-00169.txtp" },
"22": { "eventid":"494348111", "switchid":"0", "name":"Level_5_Music_transition-0417", "txtp":"Events-00173.txtp" },
"23": { "eventid":"401853844", "switchid":"0", "name":"Level_5_Music_transition-0273", "txtp":"Events-00174.txtp" },
"24": { "eventid":"342937802", "switchid":"0", "name":"Level_6_Music_transition-0238", "txtp":"Events-00179.txtp" },
"25": { "eventid":"222946549", "switchid":"0", "name":"Level_6_Music_transition-0119", "txtp":"Events-00180.txtp" },
"26": { "eventid":"157580736", "switchid":"0", "name":"Level_7_Music_transition-0088", "txtp":"Events-00184.txtp" },
"27": { "eventid":"188506492", "switchid":"0", "name":"Level_9_Music_transition-0096", "txtp":"Events-00194.txtp" },
"28": { "eventid":"2201105581", "switchid":"0", "name":"Credits", "txtp":"Events-00322.txtp" },
"29": { "eventid":"4151003756", "switchid":"3018103108", "name":"Level_8_Music", "txtp":"Events-00390.txtp" },
"30": { "eventid":"1068347553", "switchid":"1324241720", "name":"Music_Test", "txtp":"Events-00400.txtp" },
"31": { "eventid":"1068347553", "switchid":"1324241721", "name":"Music_Test", "txtp":"Events-00401.txtp" },
"32": { "eventid":"1068347553", "switchid":"1324241722", "name":"Music_Test", "txtp":"Events-00402.txtp" },
"33": { "eventid":"819266767", "switchid":"0", "name":"Splash_Menu_Play", "txtp":"Events-00404.txtp" },
"34": { "eventid":"461808698", "switchid":"0", "name":"Events-0893_unused-musicsegment", "txtp":"Events-00434.txtp" },
"35": { "eventid":"267099734", "switchid":"0", "name":"Music-0001_unused-ranseq", "txtp":"Music-00426.txtp" },
"36": { "eventid":"2275742978", "switchid":"0", "name":"Acid_ON", "txtp":"SFX-00001.txtp" },
"37": { "eventid":"181388086", "switchid":"0", "name":"Archville_Attack", "txtp":"SFX-00002.txtp" },
"38": { "eventid":"990924336", "switchid":"0", "name":"Archville_Attack2", "txtp":"SFX-00003.txtp" },
"39": { "eventid":"2201946156", "switchid":"0", "name":"Archville_Death", "txtp":"SFX-00004.txtp" },
"40": { "eventid":"1912787390", "switchid":"0", "name":"Archville_JumpAttack", "txtp":"SFX-00005.txtp" },
"41": { "eventid":"129291521", "switchid":"0", "name":"Armor_Pickup", "txtp":"SFX-00006.txtp" },
"42": { "eventid":"129291521", "switchid":"0", "name":"Armor_Pickup", "txtp":"SFX-00007.txtp" },
"43": { "eventid":"1371364219", "switchid":"0", "name":"BFG_Attack", "txtp":"SFX-00008.txtp" },
"44": { "eventid":"1371364219", "switchid":"0", "name":"BFG_Attack", "txtp":"SFX-00009.txtp" },
"45": { "eventid":"1489373806", "switchid":"0", "name":"BFG_Explode", "txtp":"SFX-00010.txtp" },
"46": { "eventid":"1582057048", "switchid":"0", "name":"BaronofHell_Attack", "txtp":"SFX-00012.txtp" },
"47": { "eventid":"1633792666", "switchid":"0", "name":"BaronofHell_Death", "txtp":"SFX-00013.txtp" },
"48": { "eventid":"421030957", "switchid":"0", "name":"Barrel_Explosion", "txtp":"SFX-00014.txtp" },
"49": { "eventid":"3401202270", "switchid":"0", "name":"BerserkON", "txtp":"SFX-00015.txtp" },
"50": { "eventid":"1147174287", "switchid":"0", "name":"Box_Destroy", "txtp":"SFX-00016.txtp" },
"51": { "eventid":"2699813043", "switchid":"0", "name":"Cacodemon_Attack", "txtp":"SFX-00017.txtp" },
"52": { "eventid":"3165379571", "switchid":"0", "name":"Cacodemon_Death", "txtp":"SFX-00018.txtp" },
"53": { "eventid":"3243785053", "switchid":"0", "name":"Chains_On", "txtp":"SFX-00019.txtp" },
"54": { "eventid":"60367361", "switchid":"0", "name":"Chainsaw_On", "txtp":"SFX-00020.txtp" },
"55": { "eventid":"60367361", "switchid":"0", "name":"Chainsaw_On", "txtp":"SFX-00021.txtp" },
"56": { "eventid":"612075679", "switchid":"0", "name":"Checkpoint", "txtp":"SFX-00022.txtp" },
"57": { "eventid":"612075679", "switchid":"0", "name":"Checkpoint", "txtp":"SFX-00023.txtp" },
"58": { "eventid":"345296488", "switchid":"0", "name":"Cinem1_1", "txtp":"SFX-00024.txtp" },
"59": { "eventid":"345296491", "switchid":"0", "name":"Cinem1_2", "txtp":"SFX-00025.txtp" },
"60": { "eventid":"345296490", "switchid":"0", "name":"Cinem1_3", "txtp":"SFX-00026.txtp" },
"61": { "eventid":"1463458594", "switchid":"0", "name":"Cinem1_3_1", "txtp":"SFX-00027.txtp" },
"62": { "eventid":"345296493", "switchid":"0", "name":"Cinem1_4", "txtp":"SFX-00028.txtp" },
"63": { "eventid":"345737775", "switchid":"0", "name":"Cinem2_1", "txtp":"SFX-00029.txtp" },
"64": { "eventid":"345737772", "switchid":"0", "name":"Cinem2_2", "txtp":"SFX-00030.txtp" },
"65": { "eventid":"345737773", "switchid":"0", "name":"Cinem2_3", "txtp":"SFX-00031.txtp" },
"66": { "eventid":"345590710", "switchid":"2089721208", "name":"Cinem3_1", "txtp":"SFX-00033.txtp" },
"67": { "eventid":"345590710", "switchid":"2089721211", "name":"Cinem3_1", "txtp":"SFX-00034.txtp" },
"68": { "eventid":"345590708", "switchid":"0", "name":"Cinem3_3", "txtp":"SFX-00036.txtp" },
"69": { "eventid":"345590707", "switchid":"0", "name":"Cinem3_4", "txtp":"SFX-00038.txtp" },
"70": { "eventid":"345590706", "switchid":"0", "name":"Cinem3_5", "txtp":"SFX-00040.txtp" },
"71": { "eventid":"345590705", "switchid":"0", "name":"Cinem3_6", "txtp":"SFX-00041.txtp" },
"72": { "eventid":"345590704", "switchid":"0", "name":"Cinem3_7", "txtp":"SFX-00042.txtp" },
"73": { "eventid":"1853403813", "switchid":"0", "name":"Dark_Claw", "txtp":"SFX-00043.txtp" },
"74": { "eventid":"1853403813", "switchid":"0", "name":"Dark_Claw", "txtp":"SFX-00044.txtp" },
"75": { "eventid":"75789304", "switchid":"0", "name":"Doomguy_Death", "txtp":"SFX-00045.txtp" },
"76": { "eventid":"75789304", "switchid":"0", "name":"Doomguy_Death", "txtp":"SFX-00046.txtp" },
"77": { "eventid":"529197921", "switchid":"0", "name":"Doomguy_DoubleJump", "txtp":"SFX-00047.txtp" },
"78": { "eventid":"529197921", "switchid":"0", "name":"Doomguy_DoubleJump", "txtp":"SFX-00048.txtp" },
"79": { "eventid":"1046898251", "switchid":"0", "name":"Doomguy_Footsteps", "txtp":"SFX-00049.txtp" },
"80": { "eventid":"657815719", "switchid":"0", "name":"Doomguy_Injury", "txtp":"SFX-00050.txtp" },
"81": { "eventid":"657815719", "switchid":"0", "name":"Doomguy_Injury", "txtp":"SFX-00051.txtp" },
"82": { "eventid":"1239331014", "switchid":"0", "name":"Doomguy_Jump", "txtp":"SFX-00052.txtp" },
"83": { "eventid":"1239331014", "switchid":"0", "name":"Doomguy_Jump", "txtp":"SFX-00053.txtp" },
"84": { "eventid":"3509516434", "switchid":"0", "name":"Doomguy_Jump_Fall", "txtp":"SFX-00054.txtp" },
"85": { "eventid":"645821198", "switchid":"0", "name":"Door_CloseLong", "txtp":"SFX-00055.txtp" },
"86": { "eventid":"3623785234", "switchid":"0", "name":"Door_CloseShort", "txtp":"SFX-00056.txtp" },
"87": { "eventid":"3114990154", "switchid":"0", "name":"Door_OpenLong", "txtp":"SFX-00057.txtp" },
"88": { "eventid":"3114990154", "switchid":"0", "name":"Door_OpenLong", "txtp":"SFX-00058.txtp" },
"89": { "eventid":"1275722182", "switchid":"0", "name":"Door_OpenShort", "txtp":"SFX-00059.txtp" },
"90": { "eventid":"2177907266", "switchid":"0", "name":"Doot_Attack", "txtp":"SFX-00060.txtp" },
"91": { "eventid":"1285677878", "switchid":"0", "name":"Doot_CloseAttack", "txtp":"SFX-00061.txtp" },
"92": { "eventid":"3224296360", "switchid":"0", "name":"Doot_Death", "txtp":"SFX-00062.txtp" },
"93": { "eventid":"2278276480", "switchid":"0", "name":"EMG_Pistol", "txtp":"SFX-00063.txtp" },
"94": { "eventid":"1526102535", "switchid":"0", "name":"Enemy_Spawn", "txtp":"SFX-00065.txtp" },
"95": { "eventid":"3050937518", "switchid":"0", "name":"Ethereal_Crossbow", "txtp":"SFX-00066.txtp" },
"96": { "eventid":"3049631291", "switchid":"0", "name":"FireFlower_Attack", "txtp":"SFX-00067.txtp" },
"97": { "eventid":"3209240538", "switchid":"0", "name":"FireFlower_Block", "txtp":"SFX-00068.txtp" },
"98": { "eventid":"712922669", "switchid":"0", "name":"FireFlower_PowerUp", "txtp":"SFX-00069.txtp" },
"99": { "eventid":"1521059325", "switchid":"0", "name":"Flak_Cannon", "txtp":"SFX-00070.txtp" },
"100": { "eventid":"2691847895", "switchid":"0", "name":"Flamethrower", "txtp":"SFX-00071.txtp" },
"101": { "eventid":"3671582078", "switchid":"0", "name":"Frag_Grenade", "txtp":"SFX-00072.txtp" },
"102": { "eventid":"3671582078", "switchid":"0", "name":"Frag_Grenade", "txtp":"SFX-00073.txtp" },
"103": { "eventid":"1191231067", "switchid":"0", "name":"GUI_Blood", "txtp":"SFX-00074.txtp" },
"104": { "eventid":"3909398768", "switchid":"0", "name":"GUI_Pistol", "txtp":"SFX-00075.txtp" },
"105": { "eventid":"2292748373", "switchid":"0", "name":"GUI_Switch", "txtp":"SFX-00076.txtp" },
"106": { "eventid":"1360719236", "switchid":"0", "name":"Gauss_Cannon", "txtp":"SFX-00077.txtp" },
"107": { "eventid":"3255686181", "switchid":"0", "name":"Grenade", "txtp":"SFX-00079.txtp" },
"108": { "eventid":"4088467408", "switchid":"0", "name":"Gun_Pickup", "txtp":"SFX-00081.txtp" },
"109": { "eventid":"4088467408", "switchid":"0", "name":"Gun_Pickup", "txtp":"SFX-00082.txtp" },
"110": { "eventid":"2720323380", "switchid":"0", "name":"HellKnight_Death", "txtp":"SFX-00083.txtp" },
"111": { "eventid":"1881393051", "switchid":"0", "name":"HellKnight_Explosion", "txtp":"SFX-00084.txtp" },
"112": { "eventid":"3490057686", "switchid":"0", "name":"HellKnight_JumpAttack", "txtp":"SFX-00085.txtp" },
"113": { "eventid":"1725414132", "switchid":"0", "name":"HellKnight_Step", "txtp":"SFX-00086.txtp" },
"114": { "eventid":"2706385482", "switchid":"0", "name":"HellPortal_Sphere", "txtp":"SFX-00087.txtp" },
"115": { "eventid":"1771071041", "switchid":"0", "name":"HellPortal_Thunder", "txtp":"SFX-00088.txtp" },
"116": { "eventid":"309173761", "switchid":"0", "name":"HellRazer_Attack", "txtp":"SFX-00089.txtp" },
"117": { "eventid":"417599375", "switchid":"0", "name":"Hell_Menu_Play", "txtp":"SFX-00090.txtp" },
"118": { "eventid":"251847169", "switchid":"0", "name":"IconOfSin_Explosion", "txtp":"SFX-00091.txtp" },
"119": { "eventid":"1973032580", "switchid":"0", "name":"IconofSin_Bomb", "txtp":"SFX-00092.txtp" },
"120": { "eventid":"1576797514", "switchid":"0", "name":"IconofSin_Death", "txtp":"SFX-00093.txtp" },
"121": { "eventid":"2075033040", "switchid":"0", "name":"IconofSin_DeathVoice", "txtp":"SFX-00094.txtp" },
"122": { "eventid":"2075033040", "switchid":"0", "name":"IconofSin_DeathVoice", "txtp":"SFX-00095.txtp" },
"123": { "eventid":"2503030746", "switchid":"0", "name":"IconofSin_EyeBeam", "txtp":"SFX-00096.txtp" },
"124": { "eventid":"1828931291", "switchid":"0", "name":"IconofSin_EyeLaserScan", "txtp":"SFX-00097.txtp" },
"125": { "eventid":"2055164935", "switchid":"0", "name":"IconofSin_HomingSphereBig", "txtp":"SFX-00098.txtp" },
"126": { "eventid":"726041144", "switchid":"0", "name":"IconofSin_HomingSphereSmall", "txtp":"SFX-00099.txtp" },
"127": { "eventid":"210740095", "switchid":"0", "name":"IconofSin_HorizLaser", "txtp":"SFX-00100.txtp" },
"128": { "eventid":"1049680431", "switchid":"0", "name":"IconofSin_Horn2", "txtp":"SFX-00101.txtp" },
"129": { "eventid":"839427473", "switchid":"0", "name":"IconofSin_Injury", "txtp":"SFX-00102.txtp" },
"130": { "eventid":"3858291829", "switchid":"0", "name":"IconofSin_SpawnCubes", "txtp":"SFX-00103.txtp" },
"131": { "eventid":"2307334456", "switchid":"0", "name":"IconofSin_Taunt", "txtp":"SFX-00104.txtp" },
"132": { "eventid":"3327910443", "switchid":"0", "name":"IconofSin_Wakeup", "txtp":"SFX-00105.txtp" },
"133": { "eventid":"2533324748", "switchid":"0", "name":"Imp_Attack", "txtp":"SFX-00106.txtp" },
"134": { "eventid":"2150209046", "switchid":"0", "name":"Imp_Attack2", "txtp":"SFX-00107.txtp" },
"135": { "eventid":"1046718846", "switchid":"0", "name":"Imp_Death", "txtp":"SFX-00108.txtp" },
"136": { "eventid":"2143083598", "switchid":"0", "name":"Invisibility_Off", "txtp":"SFX-00109.txtp" },
"137": { "eventid":"4063489072", "switchid":"0", "name":"Invisibility_On", "txtp":"SFX-00110.txtp" },
"138": { "eventid":"994762762", "switchid":"0", "name":"IoS_Platform", "txtp":"SFX-00111.txtp" },
"139": { "eventid":"566396871", "switchid":"0", "name":"Item_Pickup", "txtp":"SFX-00112.txtp" },
"140": { "eventid":"566396871", "switchid":"0", "name":"Item_Pickup", "txtp":"SFX-00113.txtp" },
"141": { "eventid":"430586528", "switchid":"0", "name":"Item_SuperCharge", "txtp":"SFX-00114.txtp" },
"142": { "eventid":"430586528", "switchid":"0", "name":"Item_SuperCharge", "txtp":"SFX-00115.txtp" },
"143": { "eventid":"3131127885", "switchid":"0", "name":"Jumping_Pad", "txtp":"SFX-00116.txtp" },
"144": { "eventid":"3131127885", "switchid":"0", "name":"Jumping_Pad", "txtp":"SFX-00117.txtp" },
"145": { "eventid":"1183067778", "switchid":"0", "name":"Key", "txtp":"SFX-00118.txtp" },
"146": { "eventid":"1183067778", "switchid":"0", "name":"Key", "txtp":"SFX-00119.txtp" },
"147": { "eventid":"2557555811", "switchid":"0", "name":"Laser_Guitar", "txtp":"SFX-00120.txtp" },
"148": { "eventid":"2023124656", "switchid":"0", "name":"Laser_Hit", "txtp":"SFX-00121.txtp" },
"149": { "eventid":"3119023729", "switchid":"0", "name":"Lava_ON", "txtp":"SFX-00122.txtp" },
"150": { "eventid":"3119023729", "switchid":"0", "name":"Lava_ON", "txtp":"SFX-00123.txtp" },
"151": { "eventid":"3460068715", "switchid":"1341019276", "name":"Level_10_Music", "txtp":"SFX-00124.txtp" },
"152": { "eventid":"3460068715", "switchid":"1341019277", "name":"Level_10_Music", "txtp":"SFX-00125.txtp" },
"153": { "eventid":"3460068715", "switchid":"1341019279", "name":"Level_10_Music", "txtp":"SFX-00126.txtp" },
"154": { "eventid":"1329757545", "switchid":"0", "name":"Level_11_End1", "txtp":"SFX-00129.txtp" },
"155": { "eventid":"571130002", "switchid":"1357797088", "name":"Level_11_Music", "txtp":"SFX-00130.txtp" },
"156": { "eventid":"571130002", "switchid":"1357797090", "name":"Level_11_Music", "txtp":"SFX-00131.txtp" },
"157": { "eventid":"571130002", "switchid":"1357797091", "name":"Level_11_Music", "txtp":"SFX-00132.txtp" },
"158": { "eventid":"3244528565", "switchid":"0", "name":"Level_12_Music", "txtp":"SFX-00136.txtp" },
"159": { "eventid":"3244528565", "switchid":"1307464106", "name":"Level_12_Music", "txtp":"SFX-00137.txtp" },
"160": { "eventid":"3244528565", "switchid":"1307464107", "name":"Level_12_Music", "txtp":"SFX-00138.txtp" },
"161": { "eventid":"3244528565", "switchid":"1307464108", "name":"Level_12_Music", "txtp":"SFX-00139.txtp" },
"162": { "eventid":"3244528565", "switchid":"1307464109", "name":"Level_12_Music", "txtp":"SFX-00140.txtp" },
"163": { "eventid":"3244528565", "switchid":"1307464110", "name":"Level_12_Music", "txtp":"SFX-00141.txtp" },
"164": { "eventid":"4291064116", "switchid":"1324241720", "name":"Level_13_Music", "txtp":"SFX-00144.txtp" },
"165": { "eventid":"4291064116", "switchid":"1324241721", "name":"Level_13_Music", "txtp":"SFX-00145.txtp" },
"166": { "eventid":"4291064116", "switchid":"1324241722", "name":"Level_13_Music", "txtp":"SFX-00146.txtp" },
"167": { "eventid":"3914262805", "switchid":"3135546440", "name":"Level_1_Music", "txtp":"SFX-00148.txtp" },
"168": { "eventid":"3914262805", "switchid":"3135546441", "name":"Level_1_Music", "txtp":"SFX-00149.txtp" },
"169": { "eventid":"3914262805", "switchid":"3135546443", "name":"Level_1_Music", "txtp":"SFX-00150.txtp" },
"170": { "eventid":"1665218802", "switchid":"3118768883", "name":"Level_2_Music", "txtp":"SFX-00152.txtp" },
"171": { "eventid":"1665218802", "switchid":"3118768884", "name":"Level_2_Music", "txtp":"SFX-00153.txtp" },
"172": { "eventid":"1665218802", "switchid":"3118768885", "name":"Level_2_Music", "txtp":"SFX-00154.txtp" },
"173": { "eventid":"1665218802", "switchid":"3118768886", "name":"Level_2_Music", "txtp":"SFX-00155.txtp" },
"174": { "eventid":"3150908235", "switchid":"3101991264", "name":"Level_3_Music", "txtp":"SFX-00158.txtp" },
"175": { "eventid":"3150908235", "switchid":"3101991269", "name":"Level_3_Music", "txtp":"SFX-00159.txtp" },
"176": { "eventid":"3150908235", "switchid":"3101991270", "name":"Level_3_Music", "txtp":"SFX-00160.txtp" },
"177": { "eventid":"3150908235", "switchid":"3101991271", "name":"Level_3_Music", "txtp":"SFX-00161.txtp" },
"178": { "eventid":"2649652880", "switchid":"2363909634", "name":"Level_4_Music", "txtp":"SFX-00164.txtp" },
"179": { "eventid":"2649652880", "switchid":"3085213456", "name":"Level_4_Music", "txtp":"SFX-00165.txtp" },
"180": { "eventid":"2649652880", "switchid":"3085213458", "name":"Level_4_Music", "txtp":"SFX-00166.txtp" },
"181": { "eventid":"2649652880", "switchid":"3085213459", "name":"Level_4_Music", "txtp":"SFX-00167.txtp" },
"182": { "eventid":"633194145", "switchid":"3068435900", "name":"Level_5_Music", "txtp":"SFX-00170.txtp" },
"183": { "eventid":"633194145", "switchid":"3068435901", "name":"Level_5_Music", "txtp":"SFX-00171.txtp" },
"184": { "eventid":"633194145", "switchid":"3068435903", "name":"Level_5_Music", "txtp":"SFX-00172.txtp" },
"185": { "eventid":"420599838", "switchid":"3051658280", "name":"Level_6_Music", "txtp":"SFX-00175.txtp" },
"186": { "eventid":"420599838", "switchid":"3051658281", "name":"Level_6_Music", "txtp":"SFX-00176.txtp" },
"187": { "eventid":"420599838", "switchid":"3051658282", "name":"Level_6_Music", "txtp":"SFX-00177.txtp" },
"188": { "eventid":"420599838", "switchid":"3051658287", "name":"Level_6_Music", "txtp":"SFX-00178.txtp" },
"189": { "eventid":"2735867079", "switchid":"3034880729", "name":"Level_7_Music", "txtp":"SFX-00181.txtp" },
"190": { "eventid":"2735867079", "switchid":"3034880730", "name":"Level_7_Music", "txtp":"SFX-00182.txtp" },
"191": { "eventid":"2735867079", "switchid":"3034880731", "name":"Level_7_Music", "txtp":"SFX-00183.txtp" },
"192": { "eventid":"4151003756", "switchid":"3018103105", "name":"Level_8_Music", "txtp":"SFX-00185.txtp" },
"193": { "eventid":"4151003756", "switchid":"3018103108", "name":"Level_8_Music", "txtp":"SFX-00186.txtp" },
"194": { "eventid":"4151003756", "switchid":"3018103110", "name":"Level_8_Music", "txtp":"SFX-00187.txtp" },
"195": { "eventid":"4151003756", "switchid":"3018103111", "name":"Level_8_Music", "txtp":"SFX-00188.txtp" },
"196": { "eventid":"86586872", "switchid":"0", "name":"Level_8_Music_transition-0047", "txtp":"SFX-00189.txtp" },
"197": { "eventid":"413678572", "switchid":"0", "name":"Level_8_Music_transition-0173", "txtp":"SFX-00190.txtp" },
"198": { "eventid":"67943629", "switchid":"3001325552", "name":"Level_9_Music", "txtp":"SFX-00191.txtp" },
"199": { "eventid":"67943629", "switchid":"3001325553", "name":"Level_9_Music", "txtp":"SFX-00192.txtp" },
"200": { "eventid":"67943629", "switchid":"3001325555", "name":"Level_9_Music", "txtp":"SFX-00193.txtp" },
"201": { "eventid":"4186111119", "switchid":"0", "name":"Lift_Start", "txtp":"SFX-00195.txtp" },
"202": { "eventid":"4218803221", "switchid":"0", "name":"Lift_Stop", "txtp":"SFX-00196.txtp" },
"203": { "eventid":"431031170", "switchid":"0", "name":"Lockdown_End", "txtp":"SFX-00197.txtp" },
"204": { "eventid":"12495913", "switchid":"0", "name":"LostSoul_Attack", "txtp":"SFX-00198.txtp" },
"205": { "eventid":"3875421469", "switchid":"0", "name":"LostSoul_Death", "txtp":"SFX-00199.txtp" },
"206": { "eventid":"2012126230", "switchid":"0", "name":"Mancubus_Attack", "txtp":"SFX-00200.txtp" },
"207": { "eventid":"3055091340", "switchid":"0", "name":"Mancubus_Death", "txtp":"SFX-00201.txtp" },
"208": { "eventid":"1167663857", "switchid":"0", "name":"Mars_Menu_Play", "txtp":"SFX-00202.txtp" },
"209": { "eventid":"3180209976", "switchid":"0", "name":"Megaman_Powerup", "txtp":"SFX-00203.txtp" },
"210": { "eventid":"2369751224", "switchid":"0", "name":"Metal_Blade_Attack", "txtp":"SFX-00204.txtp" },
"211": { "eventid":"261204107", "switchid":"0", "name":"Metal_Blade_Hit", "txtp":"SFX-00205.txtp" },
"212": { "eventid":"3524882848", "switchid":"0", "name":"Metal_Blade_Pickup", "txtp":"SFX-00206.txtp" },
"213": { "eventid":"2273048406", "switchid":"0", "name":"Metroid_Powerup", "txtp":"SFX-00207.txtp" },
"214": { "eventid":"838832574", "switchid":"0", "name":"MiniArach_Attack", "txtp":"SFX-00208.txtp" },
"215": { "eventid":"2724723684", "switchid":"0", "name":"MiniArach_Death", "txtp":"SFX-00209.txtp" },
"216": { "eventid":"20509240", "switchid":"0", "name":"No_Key", "txtp":"SFX-00210.txtp" },
"217": { "eventid":"3645869917", "switchid":"0", "name":"Open_Platform", "txtp":"SFX-00211.txtp" },
"218": { "eventid":"2632997667", "switchid":"0", "name":"Overworld_Movement", "txtp":"SFX-00212.txtp" },
"219": { "eventid":"2331601151", "switchid":"0", "name":"PainElemental_Attack", "txtp":"SFX-00213.txtp" },
"220": { "eventid":"2998807279", "switchid":"0", "name":"PainElemental_Death", "txtp":"SFX-00214.txtp" },
"221": { "eventid":"1927637741", "switchid":"0", "name":"Pinky_Attack", "txtp":"SFX-00215.txtp" },
"222": { "eventid":"3425129253", "switchid":"0", "name":"Pinky_Attack2", "txtp":"SFX-00216.txtp" },
"223": { "eventid":"2083826353", "switchid":"0", "name":"Pinky_Death", "txtp":"SFX-00217.txtp" },
"224": { "eventid":"324443136", "switchid":"0", "name":"Pistol", "txtp":"SFX-00219.txtp" },
"225": { "eventid":"2236409707", "switchid":"0", "name":"PlasmaRifle", "txtp":"SFX-00220.txtp" },
"226": { "eventid":"4047627580", "switchid":"0", "name":"QuakeShambl_Attack", "txtp":"SFX-00222.txtp" },
"227": { "eventid":"757440238", "switchid":"0", "name":"QuakeShambl_Death", "txtp":"SFX-00223.txtp" },
"228": { "eventid":"1607748481", "switchid":"0", "name":"QuakeSoldier_Death", "txtp":"SFX-00224.txtp" },
"229": { "eventid":"398230851", "switchid":"0", "name":"Revenant_Attack", "txtp":"SFX-00225.txtp" },
"230": { "eventid":"3094180764", "switchid":"0", "name":"Revenant_AttackExplosion", "txtp":"SFX-00226.txtp" },
"231": { "eventid":"1225032963", "switchid":"0", "name":"Revenant_Death", "txtp":"SFX-00227.txtp" },
"232": { "eventid":"39709115", "switchid":"0", "name":"Revenant_JumpAttack", "txtp":"SFX-00228.txtp" },
"233": { "eventid":"3602287031", "switchid":"0", "name":"Rocket_Hit", "txtp":"SFX-00229.txtp" },
"234": { "eventid":"3775912019", "switchid":"0", "name":"Romero_Head_Death", "txtp":"SFX-00233.txtp" },
"235": { "eventid":"3098392326", "switchid":"0", "name":"Romero_Head_Sight", "txtp":"SFX-00234.txtp" },
"236": { "eventid":"1617021868", "switchid":"0", "name":"Rune_Pickup", "txtp":"SFX-00235.txtp" },
"237": { "eventid":"1617021868", "switchid":"0", "name":"Rune_Pickup", "txtp":"SFX-00236.txtp" },
"238": { "eventid":"471570251", "switchid":"0", "name":"Secret_Area", "txtp":"SFX-00237.txtp" },
"239": { "eventid":"860308699", "switchid":"0", "name":"Shogtun", "txtp":"SFX-00238.txtp" },
"240": { "eventid":"85764089", "switchid":"0", "name":"ShotgunGuy_Attack", "txtp":"SFX-00240.txtp" },
"241": { "eventid":"3114385261", "switchid":"0", "name":"ShotgunGuy_Death", "txtp":"SFX-00241.txtp" },
"242": { "eventid":"2358190526", "switchid":"0", "name":"SoulCube_Attack", "txtp":"SFX-00242.txtp" },
"243": { "eventid":"2358190526", "switchid":"0", "name":"SoulCube_Attack", "txtp":"SFX-00243.txtp" },
"244": { "eventid":"1080450575", "switchid":"0", "name":"SoulCube_Ready", "txtp":"SFX-00244.txtp" },
"245": { "eventid":"4166439457", "switchid":"0", "name":"Spider_Death", "txtp":"SFX-00245.txtp" },
"246": { "eventid":"1343492921", "switchid":"0", "name":"Spider_Enter", "txtp":"SFX-00246.txtp" },
"247": { "eventid":"3099727844", "switchid":"0", "name":"Spider_FakeDeath", "txtp":"SFX-00247.txtp" },
"248": { "eventid":"154722495", "switchid":"0", "name":"Spikes_Floor", "txtp":"SFX-00248.txtp" },
"249": { "eventid":"3436486759", "switchid":"0", "name":"Spread_Attack", "txtp":"SFX-00250.txtp" },
"250": { "eventid":"4032190095", "switchid":"0", "name":"Spread_PickUp", "txtp":"SFX-00251.txtp" },
"251": { "eventid":"127913177", "switchid":"0", "name":"SuitOFF", "txtp":"SFX-00252.txtp" },
"252": { "eventid":"1602728877", "switchid":"0", "name":"SuitON", "txtp":"SFX-00253.txtp" },
"253": { "eventid":"2549585788", "switchid":"0", "name":"Summoner_Attack", "txtp":"SFX-00254.txtp" },
"254": { "eventid":"575017064", "switchid":"0", "name":"SuperShotgun", "txtp":"SFX-00255.txtp" },
"255": { "eventid":"42906183", "switchid":"0", "name":"Switch_Off", "txtp":"SFX-00257.txtp" },
"256": { "eventid":"3494105444", "switchid":"0", "name":"Tele_Frag", "txtp":"SFX-00259.txtp" },
"257": { "eventid":"530129416", "switchid":"0", "name":"Teleport", "txtp":"SFX-00260.txtp" },
"258": { "eventid":"1555752854", "switchid":"1651311009", "name":"Trials_1_Music", "txtp":"SFX-00261.txtp" },
"259": { "eventid":"1555752854", "switchid":"1651311010", "name":"Trials_1_Music", "txtp":"SFX-00262.txtp" },
"260": { "eventid":"1555752854", "switchid":"1651311011", "name":"Trials_1_Music", "txtp":"SFX-00263.txtp" },
"261": { "eventid":"1555752854", "switchid":"1651311012", "name":"Trials_1_Music", "txtp":"SFX-00264.txtp" },
"262": { "eventid":"1555752854", "switchid":"1651311013", "name":"Trials_1_Music", "txtp":"SFX-00265.txtp" },
"263": { "eventid":"3273719513", "switchid":"1701643800", "name":"Trials_2_Music", "txtp":"SFX-00266.txtp" },
"264": { "eventid":"3273719513", "switchid":"1701643802", "name":"Trials_2_Music", "txtp":"SFX-00267.txtp" },
"265": { "eventid":"3273719513", "switchid":"1701643803", "name":"Trials_2_Music", "txtp":"SFX-00268.txtp" },
"266": { "eventid":"3273719513", "switchid":"1701643804", "name":"Trials_2_Music", "txtp":"SFX-00269.txtp" },
"267": { "eventid":"3273719513", "switchid":"1701643805", "name":"Trials_2_Music", "txtp":"SFX-00270.txtp" },
"268": { "eventid":"3273719513", "switchid":"1701643807", "name":"Trials_2_Music", "txtp":"SFX-00271.txtp" },
"269": { "eventid":"1937780328", "switchid":"1684866178", "name":"Trials_3_Music", "txtp":"SFX-00272.txtp" },
"270": { "eventid":"1937780328", "switchid":"1684866179", "name":"Trials_3_Music", "txtp":"SFX-00273.txtp" },
"271": { "eventid":"1937780328", "switchid":"1684866180", "name":"Trials_3_Music", "txtp":"SFX-00274.txtp" },
"272": { "eventid":"1937780328", "switchid":"1684866181", "name":"Trials_3_Music", "txtp":"SFX-00275.txtp" },
"273": { "eventid":"1937780328", "switchid":"1684866183", "name":"Trials_3_Music", "txtp":"SFX-00276.txtp" },
"274": { "eventid":"4046732195", "switchid":"1735199226", "name":"Trials_4_Music", "txtp":"SFX-00277.txtp" },
"275": { "eventid":"4046732195", "switchid":"1735199227", "name":"Trials_4_Music", "txtp":"SFX-00278.txtp" },
"276": { "eventid":"4046732195", "switchid":"1735199228", "name":"Trials_4_Music", "txtp":"SFX-00279.txtp" },
"277": { "eventid":"4046732195", "switchid":"1735199229", "name":"Trials_4_Music", "txtp":"SFX-00280.txtp" },
"278": { "eventid":"4046732195", "switchid":"1735199230", "name":"Trials_4_Music", "txtp":"SFX-00281.txtp" },
"279": { "eventid":"2344654491", "switchid":"0", "name":"Turkey_Puncher", "txtp":"SFX-00282.txtp" },
"280": { "eventid":"2663228079", "switchid":"0", "name":"Unmaker_Attack", "txtp":"SFX-00283.txtp" },
"281": { "eventid":"3831467419", "switchid":"0", "name":"Unwilling_Attack", "txtp":"SFX-00285.txtp" },
"282": { "eventid":"621107083", "switchid":"0", "name":"Unwilling_Death", "txtp":"SFX-00286.txtp" },
"283": { "eventid":"3834024670", "switchid":"0", "name":"Upgrades", "txtp":"SFX-00287.txtp" },
"284": { "eventid":"3643881547", "switchid":"0", "name":"WolfHitl_Death", "txtp":"SFX-00288.txtp" },
"285": { "eventid":"1276247214", "switchid":"0", "name":"WolfHitl_Sight", "txtp":"SFX-00289.txtp" },
"286": { "eventid":"3739772600", "switchid":"0", "name":"WolfSold_Death", "txtp":"SFX-00290.txtp" },
"287": { "eventid":"2196351236", "switchid":"0", "name":"Zombieman_Attack", "txtp":"SFX-00291.txtp" },
"288": { "eventid":"3215617638", "switchid":"0", "name":"Zombieman_Death", "txtp":"SFX-00292.txtp" },
"289": { "eventid":"3267583", "switchid":"0", "name":"SFX-0006_unused-sound", "txtp":"SFX-00427.txtp" },
"290": { "eventid":"280075795", "switchid":"0", "name":"SFX-0105_unused-sound", "txtp":"SFX-00428.txtp" },
"291": { "eventid":"319505890", "switchid":"0", "name":"SFX-0110_unused-sound", "txtp":"SFX-00429.txtp" },
"292": { "eventid":"401464735", "switchid":"0", "name":"SFX-0152_unused-sound", "txtp":"SFX-00430.txtp" },
"293": { "eventid":"642539707", "switchid":"0", "name":"SFX-0270_unused-sound", "txtp":"SFX-00431.txtp" },
"294": { "eventid":"836329225", "switchid":"0", "name":"SFX-0368_unused-sound", "txtp":"SFX-00432.txtp" },
"295": { "eventid":"968925103", "switchid":"0", "name":"SFX-0448_unused-sound", "txtp":"SFX-00433.txtp" }
}