{
	"Guerilla" :
	{
		"minSize" : "xl+u", "maxSize" : "xl+u",
		"players" : "2",
		"zones" :
		{
			"1" :
			{
				"type" : "playerStart",
				"size" : 20,
				"owner" : 1,
				"monsters" : "normal",
				"playerTowns" : { "castles" : 1 },
				"mines" : { "wood" : 1, "ore" : 1 },
				"treasure" :
				[
					{ "min" : 10000, "max" : 15000, "density" : 1 },
					{ "min" : 3000, "max" : 6000, "density" : 6 },
					{ "min" : 500, "max" : 3000, "density" : 14 }
				]
			},
			"2" :
			{
				"type" : "treasure",
				"size" : 20,
				"owner" : 1,
				"monsters" : "normal",
				"playerTowns" : { "castles" : 1 },
				"minesLikeZone" : 1,
				"treasureLikeZone" : 1
			},
			"3" :
			{
				"type" : "playerStart",
				"size" : 20,
				"owner" : 2,
				"monsters" : "normal",
				"playerTowns" : { "castles" : 1 },
				"minesLikeZone" : 1,
				"treasureLikeZone" : 1
			},
			"4" :
			{
				"type" : "treasure",
				"size" : 20,
				"owner" : 2,
				"monsters" : "normal",
				"playerTowns" : { "castles" : 1 },
				"minesLikeZone" : 1,
				"treasureLikeZone" : 1
			},
			"5" :
			{
				"type" : "treasure",
				"size" : 20,
				"monsters" : "normal",
				"neutralTowns" : { "towns" : 1 },
				"matchTerrainToTown" : false,
				"treasureLikeZone" : 1
			},
			"6" :
			{
				"type" : "treasure",
				"size" : 20,
				"monsters" : "normal",
				"neutralTowns" : { "towns" : 1 },
				"matchTerrainToTown" : false,
				"treasureLikeZone" : 1
			},
			"7" :
			{
				"type" : "treasure",
				"size" : 20,
				"monsters" : "normal",
				"neutralTowns" : { "towns" : 1 },
				"matchTerrainToTown" : false,
				"treasureLikeZone" : 1
			},
			"8" :
			{
				"type" : "treasure",
				"size" : 20,
				"owner" : 2,
				"monsters" : "normal",
				"playerTowns" : { "castles" : 1 },
				"minesLikeZone" : 1,
				"treasureLikeZone" : 1
			},
			"9" :
			{
				"type" : "treasure",
				"size" : 20,
				"owner" : 1,
				"monsters" : "normal",
				"playerTowns" : { "castles" : 1 },
				"minesLikeZone" : 1,
				"treasureLikeZone" : 1
			},
			"10" :
			{
				"type" : "treasure",
				"size" : 20,
				"owner" : 1,
				"monsters" : "normal",
				"playerTowns" : { "castles" : 1 },
				"minesLikeZone" : 1,
				"treasureLikeZone" : 1
			},
			"11" :
			{
				"type" : "treasure",
				"size" : 20,
				"owner" : 2,
				"monsters" : "normal",
				"playerTowns" : { "castles" : 1 },
				"minesLikeZone" : 1,
				"treasureLikeZone" : 1
			},
			"12" :
			{
				"type" : "treasure",
				"size" : 20,
				"monsters" : "normal",
				"neutralTowns" : { "towns" : 1 },
				"matchTerrainToTown" : false,
				"treasureLikeZone" : 1
			},
			"13" :
			{
				"type" : "treasure",
				"size" : 20,
				"monsters" : "normal",
				"neutralTowns" : { "towns" : 1 },
				"matchTerrainToTown" : false,
				"treasureLikeZone" : 1
			},
			"14" :
			{
				"type" : "treasure",
				"size" : 20,
				"monsters" : "normal",
				"neutralTowns" : { "towns" : 1 },
				"matchTerrainToTown" : false,
				"treasureLikeZone" : 1
			},
			"15" :
			{
				"type" : "treasure",
				"size" : 20,
				"monsters" : "normal",
				"neutralTowns" : { "towns" : 1 },
				"matchTerrainToTown" : false,
				"treasureLikeZone" : 1
			},
			"16" :
			{
				"type" : "treasure",
				"size" : 20,
				"monsters" : "normal",
				"neutralTowns" : { "towns" : 1 },
				"matchTerrainToTown" : false,
				"treasureLikeZone" : 1
			},
			"17" :
			{
				"type" : "treasure",
				"size" : 20,
				"monsters" : "normal",
				"neutralTowns" : { "towns" : 1 },
				"matchTerrainToTown" : false,
				"treasure" :
				[
					{ "min" : 15000, "max" : 20000, "density" : 1 },
					{ "min" : 10000, "max" : 15000, "density" : 6 },
					{ "min" : 3000, "max" : 6000, "density" : 9 }
				]
			},
			"18" :
			{
				"type" : "treasure",
				"size" : 20,
				"monsters" : "normal",
				"neutralTowns" : { "towns" : 1 },
				"matchTerrainToTown" : false,
				"treasureLikeZone" : 17
			},
			"19" :
			{
				"type" : "treasure",
				"size" : 20,
				"monsters" : "normal",
				"neutralTowns" : { "towns" : 1 },
				"matchTerrainToTown" : false,
				"treasureLikeZone" : 17
			},
			"20" :
			{
				"type" : "treasure",
				"size" : 20,
				"monsters" : "normal",
				"neutralTowns" : { "towns" : 1 },
				"matchTerrainToTown" : false,
				"treasureLikeZone" : 17
			},
			"21" :
			{
				"type" : "treasure",
				"size" : 20,
				"monsters" : "normal",
				"neutralTowns" : { "towns" : 1 },
				"matchTerrainToTown" : false,
				"treasureLikeZone" : 17
			},
			"22" :
			{
				"type" : "treasure",
				"size" : 20,
				"monsters" : "normal",
				"neutralTowns" : { "towns" : 1 },
				"matchTerrainToTown" : false,
				"treasureLikeZone" : 17
			},
			"23" :
			{
				"type" : "treasure",
				"size" : 20,
				"monsters" : "normal",
				"neutralTowns" : { "towns" : 1 },
				"matchTerrainToTown" : false,
				"treasureLikeZone" : 17
			},
			"24" :
			{
				"type" : "treasure",
				"size" : 20,
				"monsters" : "normal",
				"neutralTowns" : { "towns" : 1 },
				"matchTerrainToTown" : false,
				"treasureLikeZone" : 17
			},
			"25" :
			{
				"type" : "treasure",
				"size" : 20,
				"monsters" : "strong",
				"neutralTowns" : { "castles" : 1 },
				"matchTerrainToTown" : false,
				"treasure" :
				[
					{ "min" : 20000, "max" : 30000, "density" : 1 },
					{ "min" : 15000, "max" : 20000, "density" : 6 },
					{ "min" : 10000, "max" : 15000, "density" : 9 }
				]
			},
			"26" :
			{
				"type" : "treasure",
				"size" : 20,
				"monsters" : "strong",
				"neutralTowns" : { "castles" : 1 },
				"matchTerrainToTown" : false,
				"treasureLikeZone" : 25
			},
			"27" :
			{
				"type" : "treasure",
				"size" : 20,
				"monsters" : "strong",
				"neutralTowns" : { "castles" : 1 },
				"matchTerrainToTown" : false,
				"treasureLikeZone" : 25
			},
			"28" :
			{
				"type" : "treasure",
				"size" : 20,
				"monsters" : "strong",
				"neutralTowns" : { "castles" : 1 },
				"matchTerrainToTown" : false,
				"treasureLikeZone" : 25
			}
		},
		"connections" :
		[
			{ "a" : "2", "b" : "5", "guard" : 3000 },
			{ "a" : "4", "b" : "5", "guard" : 3000 },
			{ "a" : "2", "b" : "7", "guard" : 3000 },
			{ "a" : "3", "b" : "7", "guard" : 3000 },
			{ "a" : "3", "b" : "6", "guard" : 3000 },
			{ "a" : "1", "b" : "6", "guard" : 3000 },
			{ "a" : "10", "b" : "12", "guard" : 3000 },
			{ "a" : "4", "b" : "12", "guard" : 3000 },
			{ "a" : "10", "b" : "13", "guard" : 3000 },
			{ "a" : "11", "b" : "13", "guard" : 3000 },
			{ "a" : "11", "b" : "14", "guard" : 3000 },
			{ "a" : "9", "b" : "14", "guard" : 3000 },
			{ "a" : "9", "b" : "15", "guard" : 3000 },
			{ "a" : "8", "b" : "15", "guard" : 3000 },
			{ "a" : "8", "b" : "16", "guard" : 3000 },
			{ "a" : "1", "b" : "16", "guard" : 3000 },
			{ "a" : "14", "b" : "20", "guard" : 6000 },
			{ "a" : "13", "b" : "20", "guard" : 6000 },
			{ "a" : "16", "b" : "17", "guard" : 6000 },
			{ "a" : "6", "b" : "17", "guard" : 6000 },
			{ "a" : "6", "b" : "18", "guard" : 6000 },
			{ "a" : "7", "b" : "18", "guard" : 6000 },
			{ "a" : "7", "b" : "24", "guard" : 6000 },
			{ "a" : "5", "b" : "24", "guard" : 6000 },
			{ "a" : "5", "b" : "23", "guard" : 6000 },
			{ "a" : "12", "b" : "23", "guard" : 6000 },
			{ "a" : "12", "b" : "19", "guard" : 6000 },
			{ "a" : "13", "b" : "19", "guard" : 6000 },
			{ "a" : "14", "b" : "22", "guard" : 6000 },
			{ "a" : "15", "b" : "22", "guard" : 6000 },
			{ "a" : "15", "b" : "21", "guard" : 6000 },
			{ "a" : "16", "b" : "21", "guard" : 6000 },
			{ "a" : "21", "b" : "25", "guard" : 12500 },
			{ "a" : "22", "b" : "28", "guard" : 12500 },
			{ "a" : "17", "b" : "25", "guard" : 12500 },
			{ "a" : "18", "b" : "26", "guard" : 12500 },
			{ "a" : "24", "b" : "26", "guard" : 12500 },
			{ "a" : "23", "b" : "27", "guard" : 12500 },
			{ "a" : "19", "b" : "27", "guard" : 12500 },
			{ "a" : "20", "b" : "28", "guard" : 12500 },
			{ "a" : "27", "b" : "28", "guard" : 12500 },
			{ "a" : "26", "b" : "27", "guard" : 12500 },
			{ "a" : "25", "b" : "28", "guard" : 12500 },
			{ "a" : "25", "b" : "26", "guard" : 12500 }
		]
	}
}
