{
	"Nostalgia" :
	{
		"minSize" : "xl+u", "maxSize" : "h+u",
		"players" : "2-8",
		"zones" :
		{
			"1" :
			{
				"type" : "playerStart",
				"size" : 23,
				"owner" : 1,
				"monsters" : "normal",
				"playerTowns" : { "castles" : 1 },
				"mines" : { "wood" : 1, "ore" : 1 },
				"treasure" :
				[
					{ "min" : 10000, "max" : 15000, "density" : 1 },
					{ "min" : 3000, "max" : 6000, "density" : 6 },
					{ "min" : 0, "max" : 3000, "density" : 9 }
				]
			},
			"2" :
			{
				"type" : "playerStart",
				"size" : 23,
				"owner" : 2,
				"monsters" : "normal",
				"playerTowns" : { "castles" : 1 },
				"minesLikeZone" : 1,
				"treasureLikeZone" : 1
			},
			"3" :
			{
				"type" : "treasure",
				"size" : 23,
				"monsters" : "normal",
				"matchTerrainToTown" : false,
				"treasure" :
				[
					{ "min" : 20000, "max" : 30000, "density" : 1 },
					{ "min" : 15000, "max" : 20000, "density" : 6 },
					{ "min" : 10000, "max" : 15000, "density" : 9 }
				]
			},
			"4" :
			{
				"type" : "treasure",
				"size" : 23,
				"monsters" : "normal",
				"matchTerrainToTown" : false,
				"mines" : { "mercury" : 2 },
				"treasureLikeZone" : 1
			},
			"5" :
			{
				"type" : "treasure",
				"size" : 23,
				"monsters" : "normal",
				"matchTerrainToTown" : false,
				"mines" : { "crystal" : 2 },
				"treasureLikeZone" : 1
			},
			"6" :
			{
				"type" : "treasure",
				"size" : 23,
				"monsters" : "normal",
				"matchTerrainToTown" : false,
				"mines" : { "sulfur" : 2 },
				"treasureLikeZone" : 1
			},
			"7" :
			{
				"type" : "treasure",
				"size" : 23,
				"monsters" : "normal",
				"matchTerrainToTown" : false,
				"minesLikeZone" : 4,
				"treasureLikeZone" : 1
			},
			"8" :
			{
				"type" : "treasure",
				"size" : 23,
				"monsters" : "normal",
				"matchTerrainToTown" : false,
				"minesLikeZone" : 5,
				"treasureLikeZone" : 1
			},
			"9" :
			{
				"type" : "treasure",
				"size" : 23,
				"monsters" : "normal",
				"matchTerrainToTown" : false,
				"minesLikeZone" : 6,
				"treasureLikeZone" : 1
			},
			"10" :
			{
				"type" : "playerStart",
				"size" : 23,
				"owner" : 3,
				"monsters" : "normal",
				"playerTowns" : { "castles" : 1 },
				"minesLikeZone" : 1,
				"treasureLikeZone" : 1
			},
			"11" :
			{
				"type" : "playerStart",
				"size" : 23,
				"owner" : 5,
				"monsters" : "normal",
				"playerTowns" : { "castles" : 1 },
				"minesLikeZone" : 1,
				"treasureLikeZone" : 1
			},
			"12" :
			{
				"type" : "playerStart",
				"size" : 23,
				"owner" : 4,
				"monsters" : "normal",
				"playerTowns" : { "castles" : 1 },
				"minesLikeZone" : 1,
				"treasureLikeZone" : 1
			},
			"13" :
			{
				"type" : "playerStart",
				"size" : 23,
				"owner" : 7,
				"monsters" : "normal",
				"playerTowns" : { "castles" : 1 },
				"minesLikeZone" : 1,
				"treasureLikeZone" : 1
			},
			"14" :
			{
				"type" : "playerStart",
				"size" : 23,
				"owner" : 8,
				"monsters" : "normal",
				"playerTowns" : { "castles" : 1 },
				"minesLikeZone" : 1,
				"treasureLikeZone" : 1
			},
			"15" :
			{
				"type" : "playerStart",
				"size" : 23,
				"owner" : 6,
				"monsters" : "normal",
				"playerTowns" : { "castles" : 1 },
				"minesLikeZone" : 1,
				"treasureLikeZone" : 1
			},
			"16" :
			{
				"type" : "treasure",
				"size" : 23,
				"monsters" : "normal",
				"neutralTowns" : { "towns" : 1 },
				"matchTerrainToTown" : false,
				"mines" : { "gold" : 1 },
				"treasure" :
				[
					{ "min" : 17000, "max" : 20000, "density" : 3 },
					{ "min" : 10000, "max" : 17000, "density" : 9 },
					{ "min" : 6000, "max" : 8999, "density" : 9 }
				]
			},
			"17" :
			{
				"type" : "treasure",
				"size" : 23,
				"monsters" : "normal",
				"neutralTowns" : { "towns" : 1 },
				"matchTerrainToTown" : false,
				"minesLikeZone" : 16,
				"treasureLikeZone" : 16
			},
			"18" :
			{
				"type" : "treasure",
				"size" : 23,
				"monsters" : "normal",
				"neutralTowns" : { "towns" : 1 },
				"matchTerrainToTown" : false,
				"minesLikeZone" : 16,
				"treasureLikeZone" : 16
			},
			"19" :
			{
				"type" : "treasure",
				"size" : 23,
				"monsters" : "normal",
				"neutralTowns" : { "towns" : 1 },
				"matchTerrainToTown" : false,
				"minesLikeZone" : 16,
				"treasureLikeZone" : 16
			},
			"20" :
			{
				"type" : "treasure",
				"size" : 23,
				"monsters" : "normal",
				"neutralTowns" : { "towns" : 1 },
				"matchTerrainToTown" : false,
				"minesLikeZone" : 16,
				"treasureLikeZone" : 16
			},
			"21" :
			{
				"type" : "treasure",
				"size" : 23,
				"monsters" : "normal",
				"neutralTowns" : { "towns" : 1 },
				"matchTerrainToTown" : false,
				"minesLikeZone" : 16,
				"treasureLikeZone" : 16
			},
			"22" :
			{
				"type" : "treasure",
				"size" : 23,
				"monsters" : "normal",
				"neutralTowns" : { "towns" : 1 },
				"matchTerrainToTown" : false,
				"minesLikeZone" : 16,
				"treasureLikeZone" : 16
			},
			"23" :
			{
				"type" : "treasure",
				"size" : 23,
				"monsters" : "normal",
				"neutralTowns" : { "towns" : 1 },
				"matchTerrainToTown" : false,
				"minesLikeZone" : 16,
				"treasureLikeZone" : 16
			},
			"24" :
			{
				"type" : "treasure",
				"size" : 23,
				"monsters" : "normal",
				"neutralTowns" : { "towns" : 1 },
				"matchTerrainToTown" : false,
				"minesLikeZone" : 16,
				"treasureLikeZone" : 16
			}
		},
		"connections" :
		[
			{ "a" : "2", "b" : "3", "guard" : 45000 },
			{ "a" : "1", "b" : "3", "guard" : 45000 },
			{ "a" : "1", "b" : "4", "guard" : 3000 },
			{ "a" : "1", "b" : "5", "guard" : 3000 },
			{ "a" : "5", "b" : "12", "guard" : 3000 },
			{ "a" : "1", "b" : "6", "guard" : 3000 },
			{ "a" : "6", "b" : "11", "guard" : 3000 },
			{ "a" : "4", "b" : "10", "guard" : 3000 },
			{ "a" : "2", "b" : "8", "guard" : 3000 },
			{ "a" : "8", "b" : "13", "guard" : 3000 },
			{ "a" : "2", "b" : "7", "guard" : 3000 },
			{ "a" : "7", "b" : "15", "guard" : 3000 },
			{ "a" : "2", "b" : "9", "guard" : 3000 },
			{ "a" : "9", "b" : "14", "guard" : 3000 },
			{ "a" : "10", "b" : "17", "guard" : 6000 },
			{ "a" : "15", "b" : "17", "guard" : 6000 },
			{ "a" : "12", "b" : "16", "guard" : 6000 },
			{ "a" : "13", "b" : "16", "guard" : 6000 },
			{ "a" : "10", "b" : "19", "guard" : 6000 },
			{ "a" : "11", "b" : "19", "guard" : 6000 },
			{ "a" : "11", "b" : "18", "guard" : 6000 },
			{ "a" : "12", "b" : "18", "guard" : 6000 },
			{ "a" : "13", "b" : "21", "guard" : 6000 },
			{ "a" : "14", "b" : "21", "guard" : 6000 },
			{ "a" : "15", "b" : "20", "guard" : 6000 },
			{ "a" : "14", "b" : "20", "guard" : 6000 },
			{ "a" : "12", "b" : "22", "guard" : 6000 },
			{ "a" : "10", "b" : "22", "guard" : 6000 },
			{ "a" : "13", "b" : "23", "guard" : 6000 },
			{ "a" : "15", "b" : "23", "guard" : 6000 },
			{ "a" : "14", "b" : "24", "guard" : 6000 },
			{ "a" : "11", "b" : "24", "guard" : 6000 }
		]
	}
}
