{
	"Triad L" :
	{
		"minSize" : "l", "maxSize" : "l",
		"players" : "2-3",
		"description" : "Ban fly/DD, 3 players, 9-Jan-03, Midnight design",
		"zones" :
		{
			"1" :
			{
				"type" : "treasure",
				"size" : 12,
				"monsters" : "strong",
				"neutralTowns" : { "castles" : 1 },
				"mines" : { "gold" : 1 },
				"treasure" :
				[
					{ "min" : 8000, "max" : 9999, "density" : 10 },
					{ "min" : 6000, "max" : 8000, "density" : 8 },
					{ "min" : 800, "max" : 800, "density" : 4 }
				]
			},
			"2" :
			{
				"type" : "treasure",
				"size" : 12,
				"monsters" : "strong",
				"neutralTowns" : { "castles" : 1 },
				"minesLikeZone" : 1,
				"treasureLikeZone" : 1
			},
			"3" :
			{
				"type" : "treasure",
				"size" : 12,
				"monsters" : "strong",
				"neutralTowns" : { "castles" : 1 },
				"minesLikeZone" : 1,
				"treasureLikeZone" : 1
			},
			"4" :
			{
				"type" : "playerStart",
				"size" : 12,
				"owner" : 1,
				"monsters" : "normal",
				"playerTowns" : { "castles" : 1 },
				"bannedTowns" : ["necropolis", "conflux"],
				"mines" : { "wood" : 1, "mercury" : 1, "ore" : 1, "sulfur" : 1, "crystal" : 1, "gems" : 1 },
				"treasure" :
				[
					{ "min" : 4500, "max" : 6000, "density" : 1 },
					{ "min" : 3500, "max" : 4500, "density" : 4 },
					{ "min" : 1200, "max" : 2000, "density" : 12 }
				]
			},
			"5" :
			{
				"type" : "treasure",
				"size" : 10,
				"monsters" : "strong",
				"neutralTowns" : { "towns" : 1 },
				"matchTerrainToTown" : false,
				"terrainTypes" : [ "dirt", "grass", "subterra", "lava" ],
				"treasure" :
				[
					{ "min" : 6000, "max" : 7999, "density" : 6 },
					{ "min" : 4000, "max" : 6000, "density" : 8 },
					{ "min" : 1200, "max" : 2000, "density" : 5 }
				]
			},
			"6" :
			{
				"type" : "treasure",
				"size" : 10,
				"monsters" : "strong",
				"neutralTowns" : { "towns" : 1 },
				"terrainTypeLikeZone" : 5,
				"treasureLikeZone" : 5
			},
			"7" :
			{
				"type" : "playerStart",
				"size" : 12,
				"owner" : 2,
				"monsters" : "normal",
				"playerTowns" : { "castles" : 1 },
				"bannedTowns" : ["necropolis", "conflux"],
				"minesLikeZone" : 4,
				"treasureLikeZone" : 4
			},
			"8" :
			{
				"type" : "treasure",
				"size" : 10,
				"monsters" : "strong",
				"neutralTowns" : { "towns" : 1 },
				"terrainTypeLikeZone" : 5,
				"treasureLikeZone" : 5
			},
			"9" :
			{
				"type" : "treasure",
				"size" : 10,
				"monsters" : "strong",
				"neutralTowns" : { "towns" : 1 },
				"terrainTypeLikeZone" : 5,
				"treasureLikeZone" : 5
			},
			"10" :
			{
				"type" : "playerStart",
				"size" : 12,
				"owner" : 3,
				"monsters" : "normal",
				"playerTowns" : { "castles" : 1 },
				"bannedTowns" : ["necropolis", "conflux"],
				"minesLikeZone" : 4,
				"treasureLikeZone" : 4
			},
			"11" :
			{
				"type" : "treasure",
				"size" : 10,
				"monsters" : "strong",
				"neutralTowns" : { "towns" : 1 },
				"terrainTypeLikeZone" : 5,
				"treasureLikeZone" : 5
			},
			"12" :
			{
				"type" : "treasure",
				"size" : 10,
				"monsters" : "strong",
				"neutralTowns" : { "towns" : 1 },
				"terrainTypeLikeZone" : 5,
				"treasureLikeZone" : 5
			},
			"13" :
			{
				"type" : "treasure",
				"size" : 25,
				"monsters" : "strong",
				"neutralTowns" : { "castles" : 1 },
				"allowedTowns" : [ "tower" ],
				"terrainTypes" : [ "snow" ],
				"mines" : { "mercury" : 1, "sulfur" : 1, "crystal" : 1, "gems" : 1, "gold" : 4 },
				"treasure" :
				[
					{ "min" : 6000, "max" : 40000, "density" : 8 },
					{ "min" : 9000, "max" : 9500, "density" : 8 },
					{ "min" : 2500, "max" : 3000, "density" : 4 }
				]
			}
		},
		"connections" :
		[
			{ "a" : "1", "b" : "5", "guard" : 9000 },
			{ "a" : "3", "b" : "6", "guard" : 9000 },
			{ "a" : "4", "b" : "5", "guard" : 5000 },
			{ "a" : "4", "b" : "6", "guard" : 5000 },
			{ "a" : "5", "b" : "6", "guard" : 5000 },
			{ "a" : "1", "b" : "8", "guard" : 9000 },
			{ "a" : "2", "b" : "9", "guard" : 9000 },
			{ "a" : "7", "b" : "8", "guard" : 5000 },
			{ "a" : "7", "b" : "9", "guard" : 5000 },
			{ "a" : "8", "b" : "9", "guard" : 5000 },
			{ "a" : "2", "b" : "12", "guard" : 9000 },
			{ "a" : "3", "b" : "11", "guard" : 9000 },
			{ "a" : "10", "b" : "11", "guard" : 5000 },
			{ "a" : "10", "b" : "12", "guard" : 5000 },
			{ "a" : "11", "b" : "12", "guard" : 5000 },
			{ "a" : "1", "b" : "2", "guard" : 10000 },
			{ "a" : "2", "b" : "3", "guard" : 10000 },
			{ "a" : "1", "b" : "3", "guard" : 10000 },
			{ "a" : "1", "b" : "13", "guard" : 20000 },
			{ "a" : "2", "b" : "13", "guard" : 20000 },
			{ "a" : "3", "b" : "13", "guard" : 20000 }
		]
	},
	"Triad XL" :
	{
		"minSize" : "xl", "maxSize" : "xl",
		"players" : "3",
		"description" : "Ban fly/DD, 3 players, 9-Jan-03, Midnight design",
		"zones" :
		{
			"1" :
			{
				"type" : "treasure",
				"size" : 12,
				"monsters" : "strong",
				"neutralTowns" : { "castles" : 1 },
				"mines" : { "gold" : 1 },
				"treasure" :
				[
					{ "min" : 8000, "max" : 9999, "density" : 10 },
					{ "min" : 6000, "max" : 8000, "density" : 8 },
					{ "min" : 800, "max" : 800, "density" : 4 }
				]
			},
			"2" :
			{
				"type" : "treasure",
				"size" : 12,
				"monsters" : "strong",
				"neutralTowns" : { "castles" : 1 },
				"minesLikeZone" : 1,
				"treasureLikeZone" : 1
			},
			"3" :
			{
				"type" : "treasure",
				"size" : 12,
				"monsters" : "strong",
				"neutralTowns" : { "castles" : 1 },
				"minesLikeZone" : 1,
				"treasureLikeZone" : 1
			},
			"4" :
			{
				"type" : "playerStart",
				"size" : 12,
				"owner" : 1,
				"monsters" : "normal",
				"playerTowns" : { "castles" : 1 },
				"bannedTowns" : ["necropolis", "conflux"],
				"mines" : { "wood" : 1, "mercury" : 1, "ore" : 1, "sulfur" : 1, "crystal" : 1, "gems" : 1 },
				"treasure" :
				[
					{ "min" : 4500, "max" : 6000, "density" : 2 },
					{ "min" : 3500, "max" : 4500, "density" : 5 },
					{ "min" : 1200, "max" : 2000, "density" : 10 }
				]
			},
			"5" :
			{
				"type" : "treasure",
				"size" : 10,
				"monsters" : "strong",
				"neutralTowns" : { "towns" : 1 },
				"matchTerrainToTown" : false,
				"terrainTypes" : [ "dirt", "grass", "subterra", "lava" ],
				"treasure" :
				[
					{ "min" : 6000, "max" : 7999, "density" : 6 },
					{ "min" : 4000, "max" : 6000, "density" : 7 },
					{ "min" : 1200, "max" : 2000, "density" : 5 }
				]
			},
			"6" :
			{
				"type" : "treasure",
				"size" : 10,
				"monsters" : "strong",
				"neutralTowns" : { "towns" : 1 },
				"terrainTypeLikeZone" : 5,
				"treasureLikeZone" : 5
			},
			"7" :
			{
				"type" : "playerStart",
				"size" : 12,
				"owner" : 2,
				"monsters" : "normal",
				"playerTowns" : { "castles" : 1 },
				"bannedTowns" : ["necropolis", "conflux"],
				"minesLikeZone" : 4,
				"treasureLikeZone" : 4
			},
			"8" :
			{
				"type" : "treasure",
				"size" : 10,
				"monsters" : "strong",
				"neutralTowns" : { "towns" : 1 },
				"terrainTypeLikeZone" : 5,
				"treasureLikeZone" : 5
			},
			"9" :
			{
				"type" : "treasure",
				"size" : 10,
				"monsters" : "strong",
				"neutralTowns" : { "towns" : 1 },
				"terrainTypeLikeZone" : 5,
				"treasureLikeZone" : 5
			},
			"10" :
			{
				"type" : "playerStart",
				"size" : 12,
				"owner" : 3,
				"monsters" : "normal",
				"playerTowns" : { "castles" : 1 },
				"bannedTowns" : ["necropolis", "conflux"],
				"minesLikeZone" : 4,
				"treasureLikeZone" : 4
			},
			"11" :
			{
				"type" : "treasure",
				"size" : 10,
				"monsters" : "strong",
				"neutralTowns" : { "towns" : 1 },
				"terrainTypeLikeZone" : 5,
				"treasureLikeZone" : 5
			},
			"12" :
			{
				"type" : "treasure",
				"size" : 10,
				"monsters" : "strong",
				"neutralTowns" : { "towns" : 1 },
				"terrainTypeLikeZone" : 5,
				"treasureLikeZone" : 5
			},
			"13" :
			{
				"type" : "treasure",
				"size" : 25,
				"monsters" : "strong",
				"neutralTowns" : { "castles" : 1 },
				"allowedTowns" : [ "tower" ],
				"terrainTypes" : [ "snow" ],
				"mines" : { "mercury" : 1, "sulfur" : 1, "crystal" : 1, "gems" : 1, "gold" : 4 },
				"treasure" :
				[
					{ "min" : 6000, "max" : 40000, "density" : 8 },
					{ "min" : 9000, "max" : 9500, "density" : 8 },
					{ "min" : 2500, "max" : 3000, "density" : 4 }
				]
			}
		},
		"connections" :
		[
			{ "a" : "1", "b" : "5", "guard" : 11000 },
			{ "a" : "3", "b" : "6", "guard" : 11000 },
			{ "a" : "4", "b" : "5", "guard" : 5500 },
			{ "a" : "4", "b" : "6", "guard" : 5500 },
			{ "a" : "5", "b" : "6", "guard" : 5500 },
			{ "a" : "1", "b" : "8", "guard" : 11000 },
			{ "a" : "2", "b" : "9", "guard" : 11000 },
			{ "a" : "7", "b" : "8", "guard" : 5500 },
			{ "a" : "7", "b" : "9", "guard" : 5500 },
			{ "a" : "8", "b" : "9", "guard" : 5500 },
			{ "a" : "2", "b" : "12", "guard" : 11000 },
			{ "a" : "3", "b" : "11", "guard" : 11000 },
			{ "a" : "10", "b" : "11", "guard" : 5500 },
			{ "a" : "10", "b" : "12", "guard" : 5500 },
			{ "a" : "11", "b" : "12", "guard" : 5500 },
			{ "a" : "1", "b" : "2", "guard" : 12000 },
			{ "a" : "2", "b" : "3", "guard" : 12000 },
			{ "a" : "1", "b" : "3", "guard" : 12000 },
			{ "a" : "1", "b" : "13", "guard" : 24000 },
			{ "a" : "2", "b" : "13", "guard" : 24000 },
			{ "a" : "3", "b" : "13", "guard" : 24000 }
		]
	}
}
