{
	"name" : "VCMI essential files",
	"description" : "Essential files required for VCMI to run correctly",
	"version" : "1.5",
	"author" : "VCMI Team",
	"contact" : "http://forum.vcmi.eu/index.php",
	"modType" : "Graphical",

	"factions" : [ "config/towerFactions" ],
	"creatures" : [ "config/towerCreature" ],
	"spells" : [ "config/spells" ],

	"chinese" : {
		"name" : "VCMI essential files",
		"description" : "Essential files required for VCMI to run correctly",

		"skipValidation" : true,
		"translations" : [
			"config/chinese.json"
		]
	},

	"czech" : {
		"name" : "Nezbytné soubory VCMI",
		"description" : "Nezbytné soubory pro správný běh VCMI",

		"skipValidation" : true,
		"translations" : [
			"config/czech.json"
		]
	},

	"french" : {
		"name" : "VCMI - fichiers nécessaires",
		"description" : "Fichiers nécessaires pour exécuter correctement VCMI",
		"author" : "L'équipe VCMI",

		"skipValidation" : true,
		"translations" : [
			"config/french.json"
		]
	},

	"german" : {
		"name" : "VCMI - grundlegende Dateien",
		"description" : "Grundlegende Dateien, die für die korrekte Ausführung von VCMI erforderlich sind",
		"author" : "VCMI-Team",

		"skipValidation" : true,
		"translations" : [
			"config/german.json"
		]
	},

	"polish" : {
		"name" : "Podstawowe pliki VCMI",
		"description" : "Dodatkowe pliki wymagane do prawidłowego działania VCMI",
		"author" : "Zespół VCMI",

		"skipValidation" : true,
		"translations" : [
			"config/polish.json"
		]
	},

	"portuguese" : {
		"name" : "VCMI - arquivos essenciais",
		"description" : "Arquivos essenciais para executar o VCMI corretamente",
		"author" : "Altieres Lima",

		"skipValidation" : true,
		"translations" : [
			"config/portuguese.json"
		]
	},

	"russian" : {
		"name" : "Ключевые файлы VCMI",
		"description" : "Файлы, необходимые для полноценной работы VCMI",
		"author" : "Команда VCMI",

		"skipValidation" : true,
		"translations" : [
			"config/russian.json"
		]
	},

	"spanish" : {
		"name" : "VCMI - ficheros necesarios",
		"description" : "Ficheros necesarios para ejecutar VCMI correctamente",
		"author" : "Abel Rivas",

		"skipValidation" : true,
		"translations" : [
			"config/spanish.json"
		]
	},

	"swedish" : {
		"name" : "Nödvändiga VCMI-filer",
		"description" : "Filer som behövs för att köra VCMI korrekt",
		"author" : "Maurycy (XCOM-HUB on GitHub)",

		"skipValidation" : true,
		"translations" : [
			"config/swedish.json"
		]
	},

	"ukrainian" : {
		"name" : "VCMI - ключові файли",
		"description" : "Ключові файли необхідні для повноцінної роботи VCMI",
		"author" : "Команда VCMI",

		"skipValidation" : true,
		"translations" : [
			"config/ukrainian.json"
		]
	},

	"vietnamese": {
		"name": "VCMI - Tập tin chính",
		"description": "Các tập tin cần thiết để chạy VCMI",
		"author": "Hunter8x - Bé Còi",
		"skipValidation": true,
		"translations": [
			"config/vietnamese.json"
		]
	},

	"hungarian" : {
		"name" : "VCMI - alapvető fájlok",
		"description" : "Alapvető fájlok a VCMI helyes működéséhez",
		"author" : "VCMI csapat",
		"skipValidation" : true,
		"translations" : [
			"config/hungarian.json"
		]
	},

	"translations" : [
		"config/english.json"
	],

	"templates" : [
		"config/rmg/hdmod/aroundamarsh.JSON",
		"config/rmg/hdmod/balance.JSON",
		"config/rmg/hdmod/blockbuster.JSON",
		"config/rmg/hdmod/clashOfDragons.json",
		"config/rmg/hdmod/coldshadowsFantasy.json",
		"config/rmg/hdmod/cube.JSON",
		"config/rmg/hdmod/diamond.JSON",
		"config/rmg/hdmod/extreme.JSON",
		"config/rmg/hdmod/extreme2.JSON",
		"config/rmg/hdmod/fear.JSON",
		"config/rmg/hdmod/frozenDragons.JSON",
		"config/rmg/hdmod/gimlisRevenge.JSON",
		"config/rmg/hdmod/guerilla.JSON",
		"config/rmg/hdmod/headquarters.JSON",
		"config/rmg/hdmod/hypercube.JSON",
		"config/rmg/hdmod/jebusCross.json",
		"config/rmg/hdmod/longRun.JSON",
		"config/rmg/hdmod/marathon.JSON",
		"config/rmg/hdmod/miniNostalgia.JSON",
		"config/rmg/hdmod/nostalgia.JSON",
		"config/rmg/hdmod/oceansEleven.JSON",
		"config/rmg/hdmod/panic.JSON",
		"config/rmg/hdmod/poorJebus.JSON",
		"config/rmg/hdmod/reckless.JSON",
		"config/rmg/hdmod/roadrunner.JSON",
		"config/rmg/hdmod/shaaafworld.JSON",
		"config/rmg/hdmod/skirmish.JSON",
		"config/rmg/hdmod/speed1.JSON",
		"config/rmg/hdmod/speed2.JSON",
		"config/rmg/hdmod/spider.JSON",
		"config/rmg/hdmod/superslam.JSON",
		"config/rmg/hdmod/triad.JSON",
		"config/rmg/hdmod/vortex.JSON",
		"config/rmg/heroes3/dwarvenTunnels.JSON",
		"config/rmg/heroes3/golemsAplenty.JSON",
		"config/rmg/heroes3/meetingInMuzgob.JSON",
		"config/rmg/heroes3/monksRetreat.JSON",
		"config/rmg/heroes3/newcomers.JSON",
		"config/rmg/heroes3/readyOrNot.JSON",
		"config/rmg/heroes3/smallRing.JSON",
		"config/rmg/heroes3/southOfHell.JSON",
		"config/rmg/heroes3/worldsAtWar.JSON",
		"config/rmg/symmetric/2sm0k.JSON",
		"config/rmg/symmetric/2sm2a.JSON",
		"config/rmg/symmetric/2sm2b.JSON",
		"config/rmg/symmetric/2sm2b(2).JSON",
		"config/rmg/symmetric/2sm2c.JSON",
		"config/rmg/symmetric/2sm2f.JSON",
		"config/rmg/symmetric/2sm2f(2).JSON",
		"config/rmg/symmetric/2sm2h.JSON",
		"config/rmg/symmetric/2sm2h(2).JSON",
		"config/rmg/symmetric/2sm2i.JSON",
		"config/rmg/symmetric/2sm2i(2).JSON",
		"config/rmg/symmetric/2sm4d.JSON",
		"config/rmg/symmetric/2sm4d(2).JSON",
		"config/rmg/symmetric/2sm4d(3).JSON",
		"config/rmg/symmetric/3sb0b.JSON",
		"config/rmg/symmetric/3sb0c.JSON",
		"config/rmg/symmetric/3sm3d.JSON",
		"config/rmg/symmetric/4sm0d.JSON",
		"config/rmg/symmetric/4sm0f.JSON",
		"config/rmg/symmetric/4sm0g.JSON",
		"config/rmg/symmetric/4sm4e.JSON",
		"config/rmg/symmetric/5sb0a.JSON",
		"config/rmg/symmetric/5sb0b.JSON",
		"config/rmg/symmetric/6lm10.JSON",
		"config/rmg/symmetric/6lm10a.JSON",
		"config/rmg/symmetric/6sm0b.JSON",
		"config/rmg/symmetric/6sm0d.JSON",
		"config/rmg/symmetric/6sm0e.JSON",
		"config/rmg/symmetric/7sb0b.JSON",
		"config/rmg/symmetric/7sb0c.JSON",
		"config/rmg/symmetric/8mm0e.JSON",
		"config/rmg/symmetric/8mm6.JSON",
		"config/rmg/symmetric/8mm6a.JSON",
		"config/rmg/symmetric/8sm0c.JSON",
		"config/rmg/symmetric/8sm0f.JSON",
		"config/rmg/symmetric/8xm12.JSON",
		"config/rmg/symmetric/8xm12a.JSON",
		"config/rmg/symmetric/8xm8.JSON"
	]
}
