<?xml version="1.0" encoding="utf-8"?>
<gameList>
  <game>
    <path>./Tiny Town Defense.sh</path>
    <name>Tiny Town Defense</name>
    <desc>Follow the command of mayor L.T. and defend your tiny town from the hordes of imps.

Addicting gameplay with meta progression and upgrades will make sure you will have a great time!</desc>
    <releasedate>20231224T000000</releasedate>
    <developer>ZeFrost</developer>
    <publisher>ZeFrost</publisher>
    <genre>Vertical Shooter</genre>
    <image>./tinytowndefense/screenshot.png</image>
  </game>
</gameList>