{
  "version": 3,
  "name": "tinytowndefense.zip",
  "items": [
    "Tiny Town Defense.sh",
    "tinytowndefense"
  ],
  "items_opt": [],
  "attr": {
    "title": "Tiny Town Defense",
    "porter": [
      "NotYourAveragePaladin"
      "TabReturn- held my hand through the whole thing"
    ],
    "desc": "Follow the command of mayor L.T. and defend your tiny town from the hordes of imps.\n\nAddicting gameplay with meta progression and upgrades will make sure you will have a great time!",
    "desc_md": null,
    "inst": "Claim the game for free on Itch: \nhttps://zefrost.itch.io/tiny-town-defense\nDownload the linux version of the game and place \"Tiny Town Defense.x86_64\" in the gamedata folder.",
    "inst_md": null,
    "genres": [
            "action"
        ],
        "image": {},
        "rtr": false,
        "exp": false,
        "runtime": "frt_3.5.2.squashfs",
        "reqs": [],
        "arch": []
    }
}