<?xml version="1.0" encoding="utf-8"?>
<gameList>
  <game>
    <path>./REDO!.sh</path>
    <name>REDO!</name>
    <desc>REDO is a dark Sci-Fi Metroidvania set in a Post-Apocalyptic world, from the creative mind of redo99. You play as the last human on earth fighting against entire hoards of robots. Explore a gloomy yet compelling world with non-linear exploration. Collect a diverse array of gadgets and weaponry and indulge in methodical yet satisfying combat! Come immerse yourself in the world of REDO!</desc>
    <releasedate>20180505T000000</releasedate>
    <developer>REDO99</developer>
    <publisher>REDO99</publisher>
    <genre>Platformer</genre>
    <image>./redo/cover.png</image>
  </game>
</gameList>