{
  "version": 3,
  "name": "goldminer.zip",
  "items": [
    "Gold Miner.sh",
    "goldminer"
  ],
  "items_opt": [],
  "attr": {
    "title": "Gold Miner",
    "porter": [
      "JanTrueno"
    ],
    "desc": "In this timeless adventure, you'll seek to collect gold, stones, and minerals to reach your daily goal and amass wealth beyond your wildest dreams.",
    "desc_md": null,
    "inst": "Ready to run.",
    "inst_md": null,
    "genres": [
      "arcade"
    ],
    "image": null,
    "rtr": true,
    "exp": false,
    "runtime": null,
    "reqs": [],
    "arch": [
      "aarch64"
    ]
  }
}